split,feature,mean,std,missing_rate,test_year
train,alpha006__lag_07,6.221779765701722e-05,0.9980161082077761,0.0033003300330033004,2024
train,alpha013__lag_11,0.000831436286716927,0.9978854093420774,0.00310992637725311,2024
train,alpha014__lag_07,-8.052520075910594e-06,0.9979736200007865,0.0033003300330033004,2024
train,alpha041__lag_14,0.0002173795243526487,0.9980500667106538,0.0030464584920030465,2024
train,alpha033__lag_51,0.003334520938415468,0.9984874357234079,0.009837522213759838,2024
train,alpha022__lag_55,-0.002103652950906459,0.9969780829391135,0.014534145722264535,2024
train,alpha003__lag_08,2.6379088760263123e-05,0.997938132714796,0.016755521706016754,2024
train,alpha006__lag_06,0.00047284720990129685,0.9984472156124866,0.00310992637725311,2024
train,alpha013__lag_29,-0.0021516605461421746,0.9987740333190425,0.006537192180756537,2024
train,alpha014__lag_09,-0.0011518505134605005,0.9979548148298095,0.0034907336887534906,2024
train,alpha041__lag_51,0.0006810170002163149,0.9987982697175454,0.009837522213759838,2024
train,alpha033__lag_32,0.0009230361421156676,0.9974979155121517,0.006283320639756283,2024
train,alpha022__lag_56,-0.0024543127180877227,0.9974787942951977,0.014470677837014471,2024
train,alpha003__lag_09,-0.000953875997506495,0.9978360469974805,0.016184310738766184,2024
train,alpha006__lag_09,-0.00159926319717189,0.998061496902124,0.0034907336887534906,2024
train,alpha013__lag_10,-1.807929841207258e-05,0.9977504259912965,0.0030464584920030465,2024
train,alpha014__lag_06,0.00028998248435482214,0.997677989672436,0.00310992637725311,2024
train,alpha041__lag_48,0.0023303398615162154,0.9979949421719571,0.009266311246509267,2024
train,alpha033__lag_07,0.0008023605724358921,0.997950375660519,0.0013328255902513328,2024
train,alpha022__lag_50,0.0037287952414973005,0.9991831452226819,0.013455191673013456,2024
train,alpha003__lag_07,-0.00017155834622505287,0.9977594323107911,0.014914953033764914,2024
validation,alpha006__lag_07,-0.0005106608826667696,0.9988085389719782,0.0006150061500615006,2024
validation,alpha013__lag_11,-0.00019840741929199622,0.9990166060932884,0.0006150061500615006,2024
validation,alpha014__lag_07,-0.00043869478782764356,0.99869375994438,0.0006150061500615006,2024
validation,alpha041__lag_14,-9.420832343964054e-05,0.9985025243620163,0.0006150061500615006,2024
validation,alpha033__lag_51,0.0019705599250078175,0.9970253697272716,0.0033825338253382535,2024
validation,alpha022__lag_55,0.00013457994137659605,0.9981755285342407,0.005535055350553505,2024
validation,alpha003__lag_08,-0.0010089102741380857,0.9988504086234574,0.0544280442804428,2024
validation,alpha006__lag_06,0.0001050417204353865,0.9984904338742854,0.0006150061500615006,2024
validation,alpha013__lag_29,0.0003537459816856793,0.9984672109811179,0.0018450184501845018,2024
validation,alpha014__lag_09,-0.000863668023433062,0.998989702724242,0.0009225092250922509,2024
validation,alpha041__lag_51,0.0006560483219622669,0.9978940944537477,0.0033825338253382535,2024
validation,alpha033__lag_32,-0.0009563212267526728,0.9983753612534845,0.0015375153751537515,2024
validation,alpha022__lag_56,-0.0018740471280631887,0.9976568079506827,0.005842558425584256,2024
validation,alpha003__lag_09,-0.000839314255108883,0.9988133258205668,0.04428044280442804,2024
validation,alpha006__lag_09,-0.0006680956344766672,0.9986227223631569,0.0009225092250922509,2024
validation,alpha013__lag_10,-0.0009554204653400596,0.9984187455418813,0.0006150061500615006,2024
validation,alpha014__lag_06,-4.169457096957666e-05,0.9984619787164594,0.0006150061500615006,2024
validation,alpha041__lag_48,0.0022872931602814957,0.997927189623263,0.0033825338253382535,2024
validation,alpha033__lag_07,-0.000248445240031179,0.9982598917275076,0.0,2024
validation,alpha022__lag_50,0.0015437910363663167,0.9983897602069239,0.006150061500615006,2024
validation,alpha003__lag_07,-0.0006494606442913886,0.9987285979249666,0.05627306273062731,2024
train,alpha041__lag_48,0.002263924039795687,0.9979708046391507,0.008132608132608132,2025
train,alpha022__lag_55,-0.0016572698229534411,0.9971535760263338,0.012794612794612794,2025
train,alpha013__lag_11,0.0006121262686563262,0.9980137702489246,0.002641802641802642,2025
train,alpha033__lag_51,0.003184433086287893,0.9982250102291769,0.0085988085988086,2025
train,alpha043__lag_02,0.00010722728537239616,0.9983380130263322,0.006475006475006475,2025
train,alpha011__lag_14,0.0006766214584712079,0.9976694250930302,0.002797202797202797,2025
train,alpha038__lag_32,0.00011447249639502887,0.9971226744535318,0.006630406630406631,2025
train,alpha014__lag_07,-2.9325492521781193e-05,0.9980584570191662,0.002797202797202797,2025
train,alpha018__lag_51,0.003383327892689927,0.9988574951978377,0.009634809634809635,2025
train,alpha009__lag_48,0.0006546814654030075,0.9981163036183504,0.008236208236208237,2025
train,alpha041__lag_51,0.0007011990902363181,0.9986014352204967,0.0085988085988086,2025
train,alpha022__lag_56,-0.0023302510609764593,0.9975006175264283,0.012794612794612794,2025
train,alpha013__lag_29,-0.001820939886933015,0.9986715819799529,0.005646205646205646,2025
train,alpha033__lag_32,0.0005484971275607631,0.9976887563594156,0.0053872053872053875,2025
train,alpha043__lag_01,0.00011466642033461365,0.9980833247594616,0.0062678062678062675,2025
train,alpha011__lag_17,0.0007155240080228149,0.9982142293455992,0.003367003367003367,2025
train,alpha038__lag_43,0.00037412797766233475,0.9978749699362588,0.008650608650608651,2025
train,alpha014__lag_23,0.000705067844521489,0.9983586681472474,0.005439005439005439,2025
train,alpha018__lag_06,-4.7866332255551846e-05,0.9981635978711031,0.002641802641802642,2025
train,alpha009__lag_06,-8.546189006318052e-05,0.9983128389985046,0.0010878010878010878,2025
validation,alpha041__lag_48,0.00013698440394895885,0.9989396342684495,0.0,2025
validation,alpha022__lag_55,0.0010386045408151937,0.9986391639907076,0.00030656039239730225,2025
validation,alpha013__lag_11,-0.0011523693582242112,0.998687400857847,0.0,2025
validation,alpha033__lag_51,0.00213682126064378,0.998143086096254,0.0,2025
validation,alpha043__lag_02,-2.722803248620862e-18,0.9984655507302659,0.0,2025
validation,alpha011__lag_14,-0.0003475196498949104,0.9973812416212852,0.0,2025
validation,alpha038__lag_32,0.0007249356770646381,0.9978793407514766,0.0,2025
validation,alpha014__lag_07,-0.00046605414986599075,0.9981631838770602,0.0,2025
validation,alpha018__lag_51,0.0011340667335353748,0.9993783199955416,0.0,2025
validation,alpha009__lag_48,-0.0002882412473458497,0.9991780232532917,0.0,2025
validation,alpha041__lag_51,0.0011990543479549567,0.9992104291259095,0.0,2025
validation,alpha022__lag_56,0.0030271497684384663,0.9997698338962013,0.0006131207847946045,2025
validation,alpha013__lag_29,-0.0006499895523953796,0.997215126780138,0.0,2025
validation,alpha033__lag_32,0.0005620840258331334,0.9975911848877609,0.0,2025
validation,alpha043__lag_01,7.841673356028083e-17,0.9984655507302661,0.0,2025
validation,alpha011__lag_17,-0.000125868417596602,0.9973943340547708,0.0,2025
validation,alpha038__lag_43,0.0015058043710935852,0.9992321473777319,0.0,2025
validation,alpha014__lag_23,-0.0005602259631630338,0.9989705570230234,0.0,2025
validation,alpha018__lag_06,-0.00014635385499602493,0.9986902634115894,0.0,2025
validation,alpha009__lag_06,0.00040012636890170817,0.998648145477993,0.0,2025
train,alpha013__lag_11,0.00035185422040860654,0.9980923361422894,0.002274218237480866,2026
train,alpha041__lag_00,2.3306671848680305e-19,0.998183269268868,0.0,2026
train,alpha022__lag_55,-0.0011797318587646877,0.9973733431370729,0.010890006560244915,2026
train,alpha014__lag_07,-9.139910975009493e-05,0.9980549056619525,0.0024054231357970696,2026
train,alpha033__lag_07,0.0005061081336460916,0.9980687239140541,0.000962169254318828,2026
train,alpha018__lag_07,0.00024280699574158286,0.9981115915974896,0.0024054231357970696,2026
train,alpha038__lag_31,-0.001306752562934037,0.9990175827337743,0.00551060572928056,2026
train,alpha043__lag_02,9.044458126754013e-05,0.9983340533000418,0.00551060572928056,2026
train,alpha006__lag_06,0.0001955352731114232,0.9983479578659399,0.002274218237480866,2026
train,alpha009__lag_37,0.0009669313126246547,0.9973626266663239,0.005335665864858955,2026
train,alpha040__lag_06,0.0003897242529863657,0.9986483720833372,0.002274218237480866,2026
train,alpha013__lag_00,-1.9434976361053068e-18,0.9981820755283911,0.000656024491581019,2026
train,alpha041__lag_14,0.00014357365955477294,0.9981781871778882,0.0022304832713754648,2026
train,alpha022__lag_56,-0.0014991281204591092,0.9978460508070439,0.010933741526350318,2026
train,alpha014__lag_06,2.4305019807243812e-05,0.997778842824674,0.002274218237480866,2026
train,alpha033__lag_37,-0.0016504225479067789,0.997746211345306,0.00516072600043735,2026
train,alpha018__lag_00,1.5561601746826549e-19,0.998180481431971,0.0015307238136890444,2026
train,alpha038__lag_37,-0.001913794020726734,0.9990433754774795,0.006429040017493987,2026
train,alpha043__lag_14,-0.0012754718559571654,0.99822317673713,0.007347474305707413,2026
train,alpha006__lag_09,-0.0012956451337993368,0.9982357181126703,0.002580363000218675,2026
train,alpha009__lag_07,0.000255585210425529,0.9981288681618505,0.0013557839492674393,2026
train,alpha040__lag_23,0.0005306124166746043,0.9983836940700923,0.004592171441067133,2026
validation,alpha013__lag_11,-0.0006910739236077635,0.9989432852674658,0.00030525030525030525,2026
validation,alpha041__lag_00,-0.0004494646519184631,0.9982933895994803,0.0,2026
validation,alpha022__lag_55,-0.0006021949815898986,1.0010886773141903,0.002136752136752137,2026
validation,alpha014__lag_07,0.0031241485877302566,0.9965402022826175,0.00030525030525030525,2026
validation,alpha033__lag_07,8.751928265832337e-05,0.9987950933212153,0.0,2026
validation,alpha018__lag_07,0.0003321709489004647,0.9990169258785914,0.00030525030525030525,2026
validation,alpha038__lag_31,0.0011960936433155526,0.9991487540210153,0.001221001221001221,2026
validation,alpha043__lag_02,0.00018282893665854413,0.9986222902246739,0.001221001221001221,2026
validation,alpha006__lag_06,0.0017158079351911062,0.9982099752418738,0.00030525030525030525,2026
validation,alpha009__lag_37,-0.0019682693989682954,0.9991852776823182,0.001221001221001221,2026
validation,alpha040__lag_06,0.0013669455133794265,0.9978391683807165,0.00030525030525030525,2026
validation,alpha013__lag_00,-0.00038396173502191686,0.9983830146123033,0.0,2026
validation,alpha041__lag_14,-0.0032791992978712416,0.9982485559882246,0.00030525030525030525,2026
validation,alpha022__lag_56,0.00011718155614499787,0.9991421564892968,0.002442002442002442,2026
validation,alpha014__lag_06,3.436196655402351e-05,0.9988840102849355,0.00030525030525030525,2026
validation,alpha033__lag_37,-0.0017284480644466384,0.9990756550581327,0.0009157509157509158,2026
validation,alpha018__lag_00,0.0002559133074228283,0.9985175145302103,0.0,2026
validation,alpha038__lag_37,-0.0018732279099491793,0.9988824352705012,0.001221001221001221,2026
validation,alpha043__lag_14,-0.0016159638707126066,0.9971080706135429,0.001221001221001221,2026
validation,alpha006__lag_09,0.001147216890642056,0.9989524014930314,0.00030525030525030525,2026
validation,alpha009__lag_07,-0.00018346494011709755,0.9990059548187332,0.0,2026
validation,alpha040__lag_23,0.0012284669330548293,0.9987195869972852,0.0006105006105006105,2026
