signal_date,holding_date,factor,quantile,return
2022-01-31,2022-02-28,size,Q1,0.011617700489206392
2022-01-31,2022-02-28,size,Q2,0.02029389542888046
2022-01-31,2022-02-28,size,Q3,0.03268869592170166
2022-01-31,2022-02-28,size,Q4,0.04395937390970338
2022-01-31,2022-02-28,size,Q5,0.058792792570994006
2022-01-31,2022-02-28,momentum,Q1,0.0017297744897306739
2022-01-31,2022-02-28,momentum,Q2,0.015104363387650425
2022-01-31,2022-02-28,momentum,Q3,0.03590301528710803
2022-01-31,2022-02-28,momentum,Q4,0.017983006825873563
2022-01-31,2022-02-28,momentum,Q5,0.09608552817003443
2022-01-31,2022-02-28,low_volatility,Q1,0.05882095488766803
2022-01-31,2022-02-28,low_volatility,Q2,0.04493318125412937
2022-01-31,2022-02-28,low_volatility,Q3,0.03870196570188064
2022-01-31,2022-02-28,low_volatility,Q4,0.017507779084855502
2022-01-31,2022-02-28,low_volatility,Q5,0.007356782497222542
2022-02-28,2022-03-31,size,Q1,-0.0787568355967041
2022-02-28,2022-03-31,size,Q2,-0.08042535173666435
2022-02-28,2022-03-31,size,Q3,-0.07542739282414229
2022-02-28,2022-03-31,size,Q4,-0.09389595255474333
2022-02-28,2022-03-31,size,Q5,-0.08842375553565299
2022-02-28,2022-03-31,momentum,Q1,-0.10805101328075095
2022-02-28,2022-03-31,momentum,Q2,-0.08024511500196992
2022-02-28,2022-03-31,momentum,Q3,-0.0652133277570687
2022-02-28,2022-03-31,momentum,Q4,-0.06711767021200553
2022-02-28,2022-03-31,momentum,Q5,-0.09589602455457583
2022-02-28,2022-03-31,low_volatility,Q1,-0.10142596495823067
2022-02-28,2022-03-31,low_volatility,Q2,-0.10675497953204179
2022-02-28,2022-03-31,low_volatility,Q3,-0.08053785593292798
2022-02-28,2022-03-31,low_volatility,Q4,-0.09099949089593913
2022-02-28,2022-03-31,low_volatility,Q5,-0.03762210510660212
2022-03-31,2022-04-30,size,Q1,-0.016795120125060528
2022-03-31,2022-04-30,size,Q2,-0.059025915509068674
2022-03-31,2022-04-30,size,Q3,-0.04788402971702181
2022-03-31,2022-04-30,size,Q4,-0.07426009022609831
2022-03-31,2022-04-30,size,Q5,-0.08835023256835421
2022-03-31,2022-04-30,momentum,Q1,-0.06433391909568063
2022-03-31,2022-04-30,momentum,Q2,-0.045696370799249174
2022-03-31,2022-04-30,momentum,Q3,-0.02594104815404524
2022-03-31,2022-04-30,momentum,Q4,-0.04720398330769139
2022-03-31,2022-04-30,momentum,Q5,-0.10462027195043277
2022-03-31,2022-04-30,low_volatility,Q1,-0.07627213320988026
2022-03-31,2022-04-30,low_volatility,Q2,-0.0649100816450232
2022-03-31,2022-04-30,low_volatility,Q3,-0.04651326360037899
2022-03-31,2022-04-30,low_volatility,Q4,-0.03957596567950945
2022-03-31,2022-04-30,low_volatility,Q5,-0.05901989548244947
2022-04-30,2022-05-31,size,Q1,0.007132619745636217
2022-04-30,2022-05-31,size,Q2,0.04203529814296553
2022-04-30,2022-05-31,size,Q3,0.06476063147532503
2022-04-30,2022-05-31,size,Q4,0.06744661024973526
2022-04-30,2022-05-31,size,Q5,0.10922383787085564
2022-04-30,2022-05-31,momentum,Q1,0.03634100534253764
2022-04-30,2022-05-31,momentum,Q2,0.047744037873971246
2022-04-30,2022-05-31,momentum,Q3,0.07155723443037348
2022-04-30,2022-05-31,momentum,Q4,0.0538129248045179
2022-04-30,2022-05-31,momentum,Q5,0.08032006353798132
2022-04-30,2022-05-31,low_volatility,Q1,0.09297012411153115
2022-04-30,2022-05-31,low_volatility,Q2,0.08266363792756598
2022-04-30,2022-05-31,low_volatility,Q3,0.05472435847756772
2022-04-30,2022-05-31,low_volatility,Q4,0.04296234667931774
2022-04-30,2022-05-31,low_volatility,Q5,0.01577260915930888
2022-05-31,2022-06-30,size,Q1,0.09424921154006909
2022-05-31,2022-06-30,size,Q2,0.06074479855055015
2022-05-31,2022-06-30,size,Q3,0.11189797549101728
2022-05-31,2022-06-30,size,Q4,0.058130400234834775
2022-05-31,2022-06-30,size,Q5,0.08119324391060685
2022-05-31,2022-06-30,momentum,Q1,0.12205357635915458
2022-05-31,2022-06-30,momentum,Q2,0.09770352415868686
2022-05-31,2022-06-30,momentum,Q3,0.0659518218275218
2022-05-31,2022-06-30,momentum,Q4,0.04887922356742361
2022-05-31,2022-06-30,momentum,Q5,0.07113968794027226
2022-05-31,2022-06-30,low_volatility,Q1,0.1132730263591065
2022-05-31,2022-06-30,low_volatility,Q2,0.09149784952376731
2022-05-31,2022-06-30,low_volatility,Q3,0.08934480570205236
2022-05-31,2022-06-30,low_volatility,Q4,0.08745947610641673
2022-05-31,2022-06-30,low_volatility,Q5,0.024306720898559158
2022-06-30,2022-07-31,size,Q1,-0.06631569876105803
2022-06-30,2022-07-31,size,Q2,-0.03364278032319002
2022-06-30,2022-07-31,size,Q3,-0.04399126971734445
2022-06-30,2022-07-31,size,Q4,-0.006937188224592892
2022-06-30,2022-07-31,size,Q5,0.006379920595933879
2022-06-30,2022-07-31,momentum,Q1,-0.05680910189319259
2022-06-30,2022-07-31,momentum,Q2,-0.05661690318442726
2022-06-30,2022-07-31,momentum,Q3,-0.019817298964025037
2022-06-30,2022-07-31,momentum,Q4,-0.025371560660838413
2022-06-30,2022-07-31,momentum,Q5,0.013810701297332433
2022-06-30,2022-07-31,low_volatility,Q1,0.002490484738733597
2022-06-30,2022-07-31,low_volatility,Q2,-0.025529145625353144
2022-06-30,2022-07-31,low_volatility,Q3,-0.0493659705558456
2022-06-30,2022-07-31,low_volatility,Q4,-0.04997428326152342
2022-06-30,2022-07-31,low_volatility,Q5,-0.02282289760863526
2022-07-31,2022-08-31,size,Q1,-0.001616496103677865
2022-07-31,2022-08-31,size,Q2,-0.015341149547158525
2022-07-31,2022-08-31,size,Q3,-0.004151840721765427
2022-07-31,2022-08-31,size,Q4,0.00650975657465994
2022-07-31,2022-08-31,size,Q5,-0.010098938903598214
2022-07-31,2022-08-31,momentum,Q1,-0.019868043440059716
2022-07-31,2022-08-31,momentum,Q2,-0.024100128835483004
2022-07-31,2022-08-31,momentum,Q3,0.0006594964895170197
2022-07-31,2022-08-31,momentum,Q4,-0.004081911485955552
2022-07-31,2022-08-31,momentum,Q5,0.022358286719597366
2022-07-31,2022-08-31,low_volatility,Q1,-0.030548662709832586
2022-07-31,2022-08-31,low_volatility,Q2,0.0022061129753480225
2022-07-31,2022-08-31,low_volatility,Q3,-0.008215342455447349
2022-07-31,2022-08-31,low_volatility,Q4,0.005472940557544396
2022-07-31,2022-08-31,low_volatility,Q5,0.006670945801630032
2022-08-31,2022-09-30,size,Q1,-0.042951288846793396
2022-08-31,2022-09-30,size,Q2,-0.07242942142554262
2022-08-31,2022-09-30,size,Q3,-0.06148582554440871
2022-08-31,2022-09-30,size,Q4,-0.06289561329271
2022-08-31,2022-09-30,size,Q5,-0.07073525404125888
2022-08-31,2022-09-30,momentum,Q1,-0.09546352782965145
2022-08-31,2022-09-30,momentum,Q2,-0.09097620122306348
2022-08-31,2022-09-30,momentum,Q3,-0.048554417322956525
2022-08-31,2022-09-30,momentum,Q4,-0.04867510824184744
2022-08-31,2022-09-30,momentum,Q5,-0.025922765102455784
2022-08-31,2022-09-30,low_volatility,Q1,-0.06994953152683218
2022-08-31,2022-09-30,low_volatility,Q2,-0.06317897847894093
2022-08-31,2022-09-30,low_volatility,Q3,-0.06660851305917319
2022-08-31,2022-09-30,low_volatility,Q4,-0.06498779496103096
2022-08-31,2022-09-30,low_volatility,Q5,-0.04530709818197707
2022-09-30,2022-10-31,size,Q1,-0.09455065906482706
2022-09-30,2022-10-31,size,Q2,-0.04675404967557009
2022-09-30,2022-10-31,size,Q3,-0.016723380864913304
2022-09-30,2022-10-31,size,Q4,0.0192810379235451
2022-09-30,2022-10-31,size,Q5,0.047960803090889875
2022-09-30,2022-10-31,momentum,Q1,0.009859046853244876
2022-09-30,2022-10-31,momentum,Q2,-0.004711797886834836
2022-09-30,2022-10-31,momentum,Q3,0.006739406328940734
2022-09-30,2022-10-31,momentum,Q4,-0.060649226210887655
2022-09-30,2022-10-31,momentum,Q5,-0.04382384501875365
2022-09-30,2022-10-31,low_volatility,Q1,-0.03835063938760485
2022-09-30,2022-10-31,low_volatility,Q2,-0.005827163215762935
2022-09-30,2022-10-31,low_volatility,Q3,-0.0303612384771058
2022-09-30,2022-10-31,low_volatility,Q4,-0.009089742556282044
2022-09-30,2022-10-31,low_volatility,Q5,-0.008126430810623694
2022-10-31,2022-11-30,size,Q1,0.12384415508750271
2022-10-31,2022-11-30,size,Q2,0.06387300900745702
2022-10-31,2022-11-30,size,Q3,0.08796671792195791
2022-10-31,2022-11-30,size,Q4,0.0849627569815104
2022-10-31,2022-11-30,size,Q5,0.04461948217260144
2022-10-31,2022-11-30,momentum,Q1,0.07881742599644477
2022-10-31,2022-11-30,momentum,Q2,0.09885193472211992
2022-10-31,2022-11-30,momentum,Q3,0.0675992674189466
2022-10-31,2022-11-30,momentum,Q4,0.09387235274450995
2022-10-31,2022-11-30,momentum,Q5,0.06690146320437129
2022-10-31,2022-11-30,low_volatility,Q1,0.0009949952166478431
2022-10-31,2022-11-30,low_volatility,Q2,0.10434740594164252
2022-10-31,2022-11-30,low_volatility,Q3,0.1079598680952077
2022-10-31,2022-11-30,low_volatility,Q4,0.12075321927957988
2022-10-31,2022-11-30,low_volatility,Q5,0.07332872160124214
2022-11-30,2022-12-31,size,Q1,0.012660679342407262
2022-11-30,2022-12-31,size,Q2,-0.030576065924245156
2022-11-30,2022-12-31,size,Q3,-0.020637575751921843
2022-11-30,2022-12-31,size,Q4,-0.038401226950961646
2022-11-30,2022-12-31,size,Q5,-0.02699034301673907
2022-11-30,2022-12-31,momentum,Q1,-0.0015585259309361266
2022-11-30,2022-12-31,momentum,Q2,-0.018344573589764927
2022-11-30,2022-12-31,momentum,Q3,-0.024432134939192992
2022-11-30,2022-12-31,momentum,Q4,-0.01851776148783245
2022-11-30,2022-12-31,momentum,Q5,-0.040611529597626525
2022-11-30,2022-12-31,low_volatility,Q1,-0.026802742904533064
2022-11-30,2022-12-31,low_volatility,Q2,-0.014415898213868
2022-11-30,2022-12-31,low_volatility,Q3,-0.025497171623528426
2022-11-30,2022-12-31,low_volatility,Q4,-0.021082412289230527
2022-11-30,2022-12-31,low_volatility,Q5,-0.0156612329228343
2022-12-31,2023-01-31,size,Q1,0.054273772021449174
2022-12-31,2023-01-31,size,Q2,0.06769437307608897
2022-12-31,2023-01-31,size,Q3,0.06622787752295636
2022-12-31,2023-01-31,size,Q4,0.07702177506777202
2022-12-31,2023-01-31,size,Q5,0.08999477981503119
2022-12-31,2023-01-31,momentum,Q1,0.10683405858113615
2022-12-31,2023-01-31,momentum,Q2,0.08582216387660868
2022-12-31,2023-01-31,momentum,Q3,0.07251986992455242
2022-12-31,2023-01-31,momentum,Q4,0.041489513372058896
2022-12-31,2023-01-31,momentum,Q5,0.048251980716819694
2022-12-31,2023-01-31,low_volatility,Q1,0.0737602159141752
2022-12-31,2023-01-31,low_volatility,Q2,0.08631454988665971
2022-12-31,2023-01-31,low_volatility,Q3,0.07933140731570934
2022-12-31,2023-01-31,low_volatility,Q4,0.07365295959253677
2022-12-31,2023-01-31,low_volatility,Q5,0.042411942443968155
2023-01-31,2023-02-28,size,Q1,-0.014776693720527017
2023-01-31,2023-02-28,size,Q2,0.007445890859551784
2023-01-31,2023-02-28,size,Q3,-0.0016354820540506897
2023-01-31,2023-02-28,size,Q4,0.036989752780443044
2023-01-31,2023-02-28,size,Q5,0.13700112176838608
2023-01-31,2023-02-28,momentum,Q1,0.10712022953261904
2023-01-31,2023-02-28,momentum,Q2,0.02946325517961595
2023-01-31,2023-02-28,momentum,Q3,0.013231147078293976
2023-01-31,2023-02-28,momentum,Q4,0.009308236815184457
2023-01-31,2023-02-28,momentum,Q5,0.006153697793044785
2023-01-31,2023-02-28,low_volatility,Q1,-0.016579805709626326
2023-01-31,2023-02-28,low_volatility,Q2,0.0029950637553193085
2023-01-31,2023-02-28,low_volatility,Q3,0.026140549316181535
2023-01-31,2023-02-28,low_volatility,Q4,0.04640738905910192
2023-01-31,2023-02-28,low_volatility,Q5,0.10653217340554258
2023-02-28,2023-03-31,size,Q1,0.0007954077297113266
2023-02-28,2023-03-31,size,Q2,0.013170841049046488
2023-02-28,2023-03-31,size,Q3,0.027563675368953853
2023-02-28,2023-03-31,size,Q4,0.022164469953894313
2023-02-28,2023-03-31,size,Q5,0.1566454832666548
2023-02-28,2023-03-31,momentum,Q1,0.08371020813517306
2023-02-28,2023-03-31,momentum,Q2,0.03151700019722391
2023-02-28,2023-03-31,momentum,Q3,0.068338620598533
2023-02-28,2023-03-31,momentum,Q4,0.0056126144814929516
2023-02-28,2023-03-31,momentum,Q5,0.031161433955837894
2023-02-28,2023-03-31,low_volatility,Q1,0.09980065580308124
2023-02-28,2023-03-31,low_volatility,Q2,0.0390815230038523
2023-02-28,2023-03-31,low_volatility,Q3,0.023327932973135478
2023-02-28,2023-03-31,low_volatility,Q4,0.042876670199397005
2023-02-28,2023-03-31,low_volatility,Q5,0.015253095388794796
2023-03-31,2023-04-30,size,Q1,0.010261478085881818
2023-03-31,2023-04-30,size,Q2,0.017086036020211255
2023-03-31,2023-04-30,size,Q3,0.012923734179236666
2023-03-31,2023-04-30,size,Q4,0.012567495472678334
2023-03-31,2023-04-30,size,Q5,0.056695244746388374
2023-03-31,2023-04-30,momentum,Q1,-0.009284426401324925
2023-03-31,2023-04-30,momentum,Q2,0.03439678041487067
2023-03-31,2023-04-30,momentum,Q3,0.05120422015949057
2023-03-31,2023-04-30,momentum,Q4,0.03463172626126039
2023-03-31,2023-04-30,momentum,Q5,-0.0019760913840775407
2023-03-31,2023-04-30,low_volatility,Q1,0.03582917917608332
2023-03-31,2023-04-30,low_volatility,Q2,-0.002988651919235134
2023-03-31,2023-04-30,low_volatility,Q3,0.012504660997155057
2023-03-31,2023-04-30,low_volatility,Q4,0.02318380267601577
2023-03-31,2023-04-30,low_volatility,Q5,0.041004997574377436
2023-04-30,2023-05-31,size,Q1,-0.05948679567175903
2023-04-30,2023-05-31,size,Q2,-0.043723737911299514
2023-04-30,2023-05-31,size,Q3,-0.023717630303119824
2023-04-30,2023-05-31,size,Q4,-0.037487996281011765
2023-04-30,2023-05-31,size,Q5,0.003903230695838469
2023-04-30,2023-05-31,momentum,Q1,-0.05886214487765659
2023-04-30,2023-05-31,momentum,Q2,-0.0268018632827691
2023-04-30,2023-05-31,momentum,Q3,-0.042567702860001895
2023-04-30,2023-05-31,momentum,Q4,-0.037581693159520625
2023-04-30,2023-05-31,momentum,Q5,0.005469491986578963
2023-04-30,2023-05-31,low_volatility,Q1,-0.0005836064151699005
2023-04-30,2023-05-31,low_volatility,Q2,-0.04694930826762704
2023-04-30,2023-05-31,low_volatility,Q3,-0.05586918139461687
2023-04-30,2023-05-31,low_volatility,Q4,-0.04299065489734319
2023-04-30,2023-05-31,low_volatility,Q5,-0.01412017849659466
2023-05-31,2023-06-30,size,Q1,0.02618169756604093
2023-05-31,2023-06-30,size,Q2,-0.0023504347449543705
2023-05-31,2023-06-30,size,Q3,0.013961859467608277
2023-05-31,2023-06-30,size,Q4,0.022725000207081042
2023-05-31,2023-06-30,size,Q5,0.011494512163274559
2023-05-31,2023-06-30,momentum,Q1,0.0355048511883951
2023-05-31,2023-06-30,momentum,Q2,0.0035869532841373373
2023-05-31,2023-06-30,momentum,Q3,0.0014356561656721453
2023-05-31,2023-06-30,momentum,Q4,0.010446510600460814
2023-05-31,2023-06-30,momentum,Q5,0.021038663420385042
2023-05-31,2023-06-30,low_volatility,Q1,0.006117923897971125
2023-05-31,2023-06-30,low_volatility,Q2,0.033842599012185386
2023-05-31,2023-06-30,low_volatility,Q3,0.007211967148595544
2023-05-31,2023-06-30,low_volatility,Q4,0.021713961894996886
2023-05-31,2023-06-30,low_volatility,Q5,0.003126182705301498
2023-06-30,2023-07-31,size,Q1,0.06789919218506467
2023-06-30,2023-07-31,size,Q2,0.04278721776456657
2023-06-30,2023-07-31,size,Q3,0.03546439807564788
2023-06-30,2023-07-31,size,Q4,0.03196614358877097
2023-06-30,2023-07-31,size,Q5,0.003797211260836487
2023-06-30,2023-07-31,momentum,Q1,0.06794861302237107
2023-06-30,2023-07-31,momentum,Q2,0.05137187460395676
2023-06-30,2023-07-31,momentum,Q3,0.06120589784430903
2023-06-30,2023-07-31,momentum,Q4,0.035547553672153336
2023-06-30,2023-07-31,momentum,Q5,-0.03416061390921389
2023-06-30,2023-07-31,low_volatility,Q1,-0.03756772826212633
2023-06-30,2023-07-31,low_volatility,Q2,0.03313638190929838
2023-06-30,2023-07-31,low_volatility,Q3,0.06831656188786038
2023-06-30,2023-07-31,low_volatility,Q4,0.05203341796350924
2023-06-30,2023-07-31,low_volatility,Q5,0.06778310429917866
2023-07-31,2023-08-31,size,Q1,-0.05834580896001936
2023-07-31,2023-08-31,size,Q2,-0.06526488613297225
2023-07-31,2023-08-31,size,Q3,-0.057630156065706886
2023-07-31,2023-08-31,size,Q4,-0.056121562359429396
2023-07-31,2023-08-31,size,Q5,-0.02903320698366339
2023-07-31,2023-08-31,momentum,Q1,-0.09290808391971364
2023-07-31,2023-08-31,momentum,Q2,-0.05222115849692441
2023-07-31,2023-08-31,momentum,Q3,-0.03629614129298387
2023-07-31,2023-08-31,momentum,Q4,-0.03101791893789535
2023-07-31,2023-08-31,momentum,Q5,-0.053366516583770715
2023-07-31,2023-08-31,low_volatility,Q1,-0.06596204532228771
2023-07-31,2023-08-31,low_volatility,Q2,-0.045655830203811275
2023-07-31,2023-08-31,low_volatility,Q3,-0.043459636618350346
2023-07-31,2023-08-31,low_volatility,Q4,-0.06455552051925144
2023-07-31,2023-08-31,low_volatility,Q5,-0.046633499086187656
2023-08-31,2023-09-30,size,Q1,-0.007500321713984606
2023-08-31,2023-09-30,size,Q2,-0.01979122518528684
2023-08-31,2023-09-30,size,Q3,-0.01577231993358475
2023-08-31,2023-09-30,size,Q4,0.005797000524319954
2023-08-31,2023-09-30,size,Q5,-0.014357853540460165
2023-08-31,2023-09-30,momentum,Q1,-0.014279255805349583
2023-08-31,2023-09-30,momentum,Q2,-0.014860699758915087
2023-08-31,2023-09-30,momentum,Q3,-0.011676692629052353
2023-08-31,2023-09-30,momentum,Q4,0.0013866022469439026
2023-08-31,2023-09-30,momentum,Q5,-0.012117744661731152
2023-08-31,2023-09-30,low_volatility,Q1,-0.02246954496828473
2023-08-31,2023-09-30,low_volatility,Q2,-0.015887292757280708
2023-08-31,2023-09-30,low_volatility,Q3,-0.01158772355392078
2023-08-31,2023-09-30,low_volatility,Q4,-0.0061477301640165995
2023-08-31,2023-09-30,low_volatility,Q5,0.004403301563161971
2023-09-30,2023-10-31,size,Q1,-0.03646809055420551
2023-09-30,2023-10-31,size,Q2,-0.01375051193619388
2023-09-30,2023-10-31,size,Q3,-0.01927499654867881
2023-09-30,2023-10-31,size,Q4,-0.022024757222570194
2023-09-30,2023-10-31,size,Q5,-0.028320407768910916
2023-09-30,2023-10-31,momentum,Q1,-0.006666024377812527
2023-09-30,2023-10-31,momentum,Q2,-0.0150499162367357
2023-09-30,2023-10-31,momentum,Q3,-0.014640122539041735
2023-09-30,2023-10-31,momentum,Q4,-0.021993599272678254
2023-09-30,2023-10-31,momentum,Q5,-0.061432991143307976
2023-09-30,2023-10-31,low_volatility,Q1,-0.034291677992756495
2023-09-30,2023-10-31,low_volatility,Q2,-0.01309294217768199
2023-09-30,2023-10-31,low_volatility,Q3,-0.019165911434200697
2023-09-30,2023-10-31,low_volatility,Q4,-0.030607823847048667
2023-09-30,2023-10-31,low_volatility,Q5,-0.022810682108062932
2023-10-31,2023-11-30,size,Q1,-0.017165523426236548
2023-10-31,2023-11-30,size,Q2,-0.02083475067301657
2023-10-31,2023-11-30,size,Q3,-0.0074669455960339704
2023-10-31,2023-11-30,size,Q4,-0.009006876960679257
2023-10-31,2023-11-30,size,Q5,0.028237122570670358
2023-10-31,2023-11-30,momentum,Q1,-0.02610724092771422
2023-10-31,2023-11-30,momentum,Q2,0.0008328194759381304
2023-10-31,2023-11-30,momentum,Q3,0.0016675869803916997
2023-10-31,2023-11-30,momentum,Q4,-0.0019038363170620091
2023-10-31,2023-11-30,momentum,Q5,-9.455090736629016e-05
2023-10-31,2023-11-30,low_volatility,Q1,0.0327328365565039
2023-10-31,2023-11-30,low_volatility,Q2,-0.020844946728074944
2023-10-31,2023-11-30,low_volatility,Q3,-0.012853359383882084
2023-10-31,2023-11-30,low_volatility,Q4,-0.013467121180222176
2023-10-31,2023-11-30,low_volatility,Q5,-0.0119686642506615
2023-11-30,2023-12-31,size,Q1,-0.01872357196095962
2023-11-30,2023-12-31,size,Q2,-0.01321819591416535
2023-11-30,2023-12-31,size,Q3,0.007874433581825761
2023-11-30,2023-12-31,size,Q4,-0.006967561724382133
2023-11-30,2023-12-31,size,Q5,0.0005406266002766817
2023-11-30,2023-12-31,momentum,Q1,4.542687684502833e-05
2023-11-30,2023-12-31,momentum,Q2,-0.022336887302605423
2023-11-30,2023-12-31,momentum,Q3,-0.01232001412614032
2023-11-30,2023-12-31,momentum,Q4,-0.007989097412124151
2023-11-30,2023-12-31,momentum,Q5,0.011600724633551072
2023-11-30,2023-12-31,low_volatility,Q1,0.0006430894140152725
2023-11-30,2023-12-31,low_volatility,Q2,-0.0013626525330120882
2023-11-30,2023-12-31,low_volatility,Q3,-0.006241397682050574
2023-11-30,2023-12-31,low_volatility,Q4,-0.011831766321497569
2023-11-30,2023-12-31,low_volatility,Q5,-0.011820283836190338
2023-12-31,2024-01-31,size,Q1,-0.03538325359333651
2023-12-31,2024-01-31,size,Q2,-0.033263656951738725
2023-12-31,2024-01-31,size,Q3,-0.0850363111962356
2023-12-31,2024-01-31,size,Q4,-0.063633155454523
2023-12-31,2024-01-31,size,Q5,-0.14970197798393342
2023-12-31,2024-01-31,momentum,Q1,-0.1184706976555015
2023-12-31,2024-01-31,momentum,Q2,-0.06546575243923541
2023-12-31,2024-01-31,momentum,Q3,-0.04532556619756564
2023-12-31,2024-01-31,momentum,Q4,-0.025523315890401237
2023-12-31,2024-01-31,momentum,Q5,-0.11147271484580856
2023-12-31,2024-01-31,low_volatility,Q1,-0.18024143494481393
2023-12-31,2024-01-31,low_volatility,Q2,-0.11605246505348663
2023-12-31,2024-01-31,low_volatility,Q3,-0.07020982530353533
2023-12-31,2024-01-31,low_volatility,Q4,0.0035590156481309977
2023-12-31,2024-01-31,low_volatility,Q5,-0.00408648137783563
2024-01-31,2024-02-29,size,Q1,0.08147427843598112
2024-01-31,2024-02-29,size,Q2,0.0856793944671603
2024-01-31,2024-02-29,size,Q3,0.11461404298113294
2024-01-31,2024-02-29,size,Q4,0.14565023729452084
2024-01-31,2024-02-29,size,Q5,0.19017791765200903
2024-01-31,2024-02-29,momentum,Q1,0.1158941548383521
2024-01-31,2024-02-29,momentum,Q2,0.11045810944447833
2024-01-31,2024-02-29,momentum,Q3,0.08996108798496748
2024-01-31,2024-02-29,momentum,Q4,0.1087529354803628
2024-01-31,2024-02-29,momentum,Q5,0.19191672405209345
2024-01-31,2024-02-29,low_volatility,Q1,0.22017706104640913
2024-01-31,2024-02-29,low_volatility,Q2,0.1234350589858895
2024-01-31,2024-02-29,low_volatility,Q3,0.12077198368614042
2024-01-31,2024-02-29,low_volatility,Q4,0.08181450680454098
2024-01-31,2024-02-29,low_volatility,Q5,0.07106522488672017
2024-02-29,2024-03-31,size,Q1,0.007094228169057046
2024-02-29,2024-03-31,size,Q2,0.007214991106048166
2024-02-29,2024-03-31,size,Q3,0.007603172476728512
2024-02-29,2024-03-31,size,Q4,0.02895158009159197
2024-02-29,2024-03-31,size,Q5,0.02559609777825332
2024-02-29,2024-03-31,momentum,Q1,-0.01151731162494344
2024-02-29,2024-03-31,momentum,Q2,0.015033846415889866
2024-02-29,2024-03-31,momentum,Q3,0.021559719357683717
2024-02-29,2024-03-31,momentum,Q4,0.018979852642549387
2024-02-29,2024-03-31,momentum,Q5,0.032600690742862065
2024-02-29,2024-03-31,low_volatility,Q1,0.015492779177865916
2024-02-29,2024-03-31,low_volatility,Q2,0.00865076694958795
2024-02-29,2024-03-31,low_volatility,Q3,0.011315486298291674
2024-02-29,2024-03-31,low_volatility,Q4,0.037721553435195516
2024-02-29,2024-03-31,low_volatility,Q5,0.003511451477549732
2024-03-31,2024-04-30,size,Q1,0.03184145581250646
2024-03-31,2024-04-30,size,Q2,0.01548434820574178
2024-03-31,2024-04-30,size,Q3,0.006497635248042847
2024-03-31,2024-04-30,size,Q4,0.026827779395885567
2024-03-31,2024-04-30,size,Q5,0.028699200780685545
2024-03-31,2024-04-30,momentum,Q1,-0.003134753433263874
2024-03-31,2024-04-30,momentum,Q2,0.027734423071544296
2024-03-31,2024-04-30,momentum,Q3,0.008150168805951182
2024-03-31,2024-04-30,momentum,Q4,0.036527746913212
2024-03-31,2024-04-30,momentum,Q5,0.04046621035110255
2024-03-31,2024-04-30,low_volatility,Q1,0.008269466093301332
2024-03-31,2024-04-30,low_volatility,Q2,0.013917493563745394
2024-03-31,2024-04-30,low_volatility,Q3,0.026027529546733652
2024-03-31,2024-04-30,low_volatility,Q4,0.03635347896759819
2024-03-31,2024-04-30,low_volatility,Q5,0.025240596925290414
2024-04-30,2024-05-31,size,Q1,-0.0029636515372623794
2024-04-30,2024-05-31,size,Q2,-0.0004454056636997679
2024-04-30,2024-05-31,size,Q3,-0.0027734445674178986
2024-04-30,2024-05-31,size,Q4,0.005584203449463551
2024-04-30,2024-05-31,size,Q5,0.0014933471015966112
2024-04-30,2024-05-31,momentum,Q1,0.012176192907276494
2024-04-30,2024-05-31,momentum,Q2,-0.014640041821841993
2024-04-30,2024-05-31,momentum,Q3,0.008723965371047835
2024-04-30,2024-05-31,momentum,Q4,-0.004565482133041392
2024-04-30,2024-05-31,momentum,Q5,-0.001013700737463852
2024-04-30,2024-05-31,low_volatility,Q1,-0.03734825608639098
2024-04-30,2024-05-31,low_volatility,Q2,0.0006195547396742291
2024-04-30,2024-05-31,low_volatility,Q3,0.011140097325434422
2024-04-30,2024-05-31,low_volatility,Q4,0.008685950343561392
2024-04-30,2024-05-31,low_volatility,Q5,0.01809903994690645
2024-05-31,2024-06-30,size,Q1,-0.00925373060888555
2024-05-31,2024-06-30,size,Q2,-0.011438466863558658
2024-05-31,2024-06-30,size,Q3,-0.013860249094971584
2024-05-31,2024-06-30,size,Q4,-0.03723216966539425
2024-05-31,2024-06-30,size,Q5,-0.025796560683455722
2024-05-31,2024-06-30,momentum,Q1,-0.05743667216057731
2024-05-31,2024-06-30,momentum,Q2,-0.025804447076291797
2024-05-31,2024-06-30,momentum,Q3,-0.0021435141233537695
2024-05-31,2024-06-30,momentum,Q4,-0.02214642696126973
2024-05-31,2024-06-30,momentum,Q5,0.010157158362943662
2024-05-31,2024-06-30,low_volatility,Q1,-0.006802260649981294
2024-05-31,2024-06-30,low_volatility,Q2,-0.031918506395329456
2024-05-31,2024-06-30,low_volatility,Q3,-0.009252814330534572
2024-05-31,2024-06-30,low_volatility,Q4,-0.028515467501877667
2024-05-31,2024-06-30,low_volatility,Q5,-0.021211393081939724
2024-06-30,2024-07-31,size,Q1,-0.0015380132721884616
2024-06-30,2024-07-31,size,Q2,0.0034673814197037135
2024-06-30,2024-07-31,size,Q3,0.021010323763459373
2024-06-30,2024-07-31,size,Q4,-0.0025538429235615577
2024-06-30,2024-07-31,size,Q5,0.026598598711334742
2024-06-30,2024-07-31,momentum,Q1,0.028173778956132413
2024-06-30,2024-07-31,momentum,Q2,0.03548983980925337
2024-06-30,2024-07-31,momentum,Q3,0.00953774166660178
2024-06-30,2024-07-31,momentum,Q4,0.004553476356887298
2024-06-30,2024-07-31,momentum,Q5,-0.030309435830574705
2024-06-30,2024-07-31,low_volatility,Q1,0.012849713661482505
2024-06-30,2024-07-31,low_volatility,Q2,-0.006672206797498288
2024-06-30,2024-07-31,low_volatility,Q3,-0.0055657975534249065
2024-06-30,2024-07-31,low_volatility,Q4,0.020944219798782502
2024-06-30,2024-07-31,low_volatility,Q5,0.025208224475876954
2024-07-31,2024-08-31,size,Q1,-0.020245880191301507
2024-07-31,2024-08-31,size,Q2,-0.038185501073136105
2024-07-31,2024-08-31,size,Q3,-0.05469956078145343
2024-07-31,2024-08-31,size,Q4,-0.05236060129826753
2024-07-31,2024-08-31,size,Q5,-0.05408727057109822
2024-07-31,2024-08-31,momentum,Q1,-0.049044116924434354
2024-07-31,2024-08-31,momentum,Q2,-0.05429622210525918
2024-07-31,2024-08-31,momentum,Q3,-0.04351118690471243
2024-07-31,2024-08-31,momentum,Q4,-0.037299481066405
2024-07-31,2024-08-31,momentum,Q5,-0.03525882736317114
2024-07-31,2024-08-31,low_volatility,Q1,-0.06646636429711472
2024-07-31,2024-08-31,low_volatility,Q2,-0.04218214922369049
2024-07-31,2024-08-31,low_volatility,Q3,-0.03936470942058606
2024-07-31,2024-08-31,low_volatility,Q4,-0.030493675857826395
2024-07-31,2024-08-31,low_volatility,Q5,-0.04051849630519322
2024-08-31,2024-09-30,size,Q1,0.18177976740542784
2024-08-31,2024-09-30,size,Q2,0.20464089158730017
2024-08-31,2024-09-30,size,Q3,0.21501344473149417
2024-08-31,2024-09-30,size,Q4,0.20987078304624096
2024-08-31,2024-09-30,size,Q5,0.30354133618833357
2024-08-31,2024-09-30,momentum,Q1,0.3431644970489334
2024-08-31,2024-09-30,momentum,Q2,0.25406343963315664
2024-08-31,2024-09-30,momentum,Q3,0.19214217298097544
2024-08-31,2024-09-30,momentum,Q4,0.181680057692736
2024-08-31,2024-09-30,momentum,Q5,0.1437687314520258
2024-08-31,2024-09-30,low_volatility,Q1,0.26051657089337144
2024-08-31,2024-09-30,low_volatility,Q2,0.24774373620111245
2024-08-31,2024-09-30,low_volatility,Q3,0.2079853310232447
2024-08-31,2024-09-30,low_volatility,Q4,0.20439111207406743
2024-08-31,2024-09-30,low_volatility,Q5,0.19471939043255718
2024-09-30,2024-10-31,size,Q1,-0.060590306751430324
2024-09-30,2024-10-31,size,Q2,-0.015364645108689151
2024-09-30,2024-10-31,size,Q3,-0.004808030735032661
2024-09-30,2024-10-31,size,Q4,0.0034542276550944373
2024-09-30,2024-10-31,size,Q5,0.06140120492612658
2024-09-30,2024-10-31,momentum,Q1,-0.005861630874669179
2024-09-30,2024-10-31,momentum,Q2,-0.003815788722228534
2024-09-30,2024-10-31,momentum,Q3,0.00228133843748737
2024-09-30,2024-10-31,momentum,Q4,-0.03119957254215757
2024-09-30,2024-10-31,momentum,Q5,0.022421177443665605
2024-09-30,2024-10-31,low_volatility,Q1,0.06082162299748599
2024-09-30,2024-10-31,low_volatility,Q2,0.005443012336901696
2024-09-30,2024-10-31,low_volatility,Q3,-0.03591757851798966
2024-09-30,2024-10-31,low_volatility,Q4,-0.034665688512027094
2024-09-30,2024-10-31,low_volatility,Q5,-0.012395948426710187
2024-10-31,2024-11-30,size,Q1,-0.0014671473374066601
2024-10-31,2024-11-30,size,Q2,0.0035492612602973134
2024-10-31,2024-11-30,size,Q3,0.026581835029664474
2024-10-31,2024-11-30,size,Q4,0.015672371311649932
2024-10-31,2024-11-30,size,Q5,0.0496881924684374
2024-10-31,2024-11-30,momentum,Q1,0.06220118108644269
2024-10-31,2024-11-30,momentum,Q2,0.02673137628408071
2024-10-31,2024-11-30,momentum,Q3,0.00760723964830641
2024-10-31,2024-11-30,momentum,Q4,0.009274217115331338
2024-10-31,2024-11-30,momentum,Q5,-0.011826011977416905
2024-10-31,2024-11-30,low_volatility,Q1,0.024995163888360657
2024-10-31,2024-11-30,low_volatility,Q2,0.01718086549012054
2024-10-31,2024-11-30,low_volatility,Q3,0.03203119535136811
2024-10-31,2024-11-30,low_volatility,Q4,-0.0013989830398542505
2024-10-31,2024-11-30,low_volatility,Q5,0.02124976454598111
2024-11-30,2024-12-31,size,Q1,0.03373028861569671
2024-11-30,2024-12-31,size,Q2,-0.0057920934659519896
2024-11-30,2024-12-31,size,Q3,-0.005102117845793886
2024-11-30,2024-12-31,size,Q4,-0.014093399380450681
2024-11-30,2024-12-31,size,Q5,0.006236347783323607
2024-11-30,2024-12-31,momentum,Q1,-0.04544576130003439
2024-11-30,2024-12-31,momentum,Q2,-0.017401160451840224
2024-11-30,2024-12-31,momentum,Q3,0.008822050843849589
2024-11-30,2024-12-31,momentum,Q4,0.02987788359392236
2024-11-30,2024-12-31,momentum,Q5,0.0398974527655619
2024-11-30,2024-12-31,low_volatility,Q1,-0.044254425082255903
2024-11-30,2024-12-31,low_volatility,Q2,-0.0017027011696633101
2024-11-30,2024-12-31,low_volatility,Q3,0.005696997001834248
2024-11-30,2024-12-31,low_volatility,Q4,0.024798390236555754
2024-11-30,2024-12-31,low_volatility,Q5,0.031337102999701695
2024-12-31,2025-01-31,size,Q1,-0.04245469483998077
2024-12-31,2025-01-31,size,Q2,-0.03040792045400614
2024-12-31,2025-01-31,size,Q3,-0.01156671813605869
2024-12-31,2025-01-31,size,Q4,-0.006274559044674346
2024-12-31,2025-01-31,size,Q5,-0.012818752848459215
2024-12-31,2025-01-31,momentum,Q1,-0.016210367212815942
2024-12-31,2025-01-31,momentum,Q2,-0.03639471472308804
2024-12-31,2025-01-31,momentum,Q3,-0.028698954729966183
2024-12-31,2025-01-31,momentum,Q4,-0.007726304446537283
2024-12-31,2025-01-31,momentum,Q5,-0.014616279871954123
2024-12-31,2025-01-31,low_volatility,Q1,-0.016553330471002946
2024-12-31,2025-01-31,low_volatility,Q2,-0.03363791804288491
2024-12-31,2025-01-31,low_volatility,Q3,-0.02375387924217589
2024-12-31,2025-01-31,low_volatility,Q4,-0.01155079269975404
2024-12-31,2025-01-31,low_volatility,Q5,-0.01816849538809402
2025-01-31,2025-02-28,size,Q1,0.0026031558759753216
2025-01-31,2025-02-28,size,Q2,0.022564356981574725
2025-01-31,2025-02-28,size,Q3,0.012139866889580499
2025-01-31,2025-02-28,size,Q4,0.02158862202626492
2025-01-31,2025-02-28,size,Q5,0.07784785262933863
2025-01-31,2025-02-28,momentum,Q1,0.049076120174107105
2025-01-31,2025-02-28,momentum,Q2,0.014625686982420618
2025-01-31,2025-02-28,momentum,Q3,0.029538788313201548
2025-01-31,2025-02-28,momentum,Q4,0.013173408420336631
2025-01-31,2025-02-28,momentum,Q5,0.03005728578591682
2025-01-31,2025-02-28,low_volatility,Q1,0.043362205010608494
2025-01-31,2025-02-28,low_volatility,Q2,0.06538446055866032
2025-01-31,2025-02-28,low_volatility,Q3,0.03360364387963017
2025-01-31,2025-02-28,low_volatility,Q4,0.005748894287859087
2025-01-31,2025-02-28,low_volatility,Q5,-0.01090567640337931
2025-02-28,2025-03-31,size,Q1,-0.002896100730635868
2025-02-28,2025-03-31,size,Q2,-0.006595535540462865
2025-02-28,2025-03-31,size,Q3,-0.009709838368068534
2025-02-28,2025-03-31,size,Q4,-0.0019568596441686694
2025-02-28,2025-03-31,size,Q5,0.00797216637240926
2025-02-28,2025-03-31,momentum,Q1,-0.014583249970969056
2025-02-28,2025-03-31,momentum,Q2,-0.008927374054717717
2025-02-28,2025-03-31,momentum,Q3,-0.0025880023394629285
2025-02-28,2025-03-31,momentum,Q4,0.0164159341616094
2025-02-28,2025-03-31,momentum,Q5,-0.0032361264525276544
2025-02-28,2025-03-31,low_volatility,Q1,-0.03453755390925369
2025-02-28,2025-03-31,low_volatility,Q2,-0.012551154050438914
2025-02-28,2025-03-31,low_volatility,Q3,0.0050433285337676825
2025-02-28,2025-03-31,low_volatility,Q4,0.01757497329160359
2025-02-28,2025-03-31,low_volatility,Q5,0.011510508463824596
2025-03-31,2025-04-30,size,Q1,-0.01407290406773361
2025-03-31,2025-04-30,size,Q2,-0.029346029834037415
2025-03-31,2025-04-30,size,Q3,-0.026988838059898764
2025-03-31,2025-04-30,size,Q4,-0.036805932676273224
2025-03-31,2025-04-30,size,Q5,-0.05269562557398966
2025-03-31,2025-04-30,momentum,Q1,-0.04533799528352315
2025-03-31,2025-04-30,momentum,Q2,-0.026632739290313637
2025-03-31,2025-04-30,momentum,Q3,-0.029337911752983007
2025-03-31,2025-04-30,momentum,Q4,-0.010987438040664687
2025-03-31,2025-04-30,momentum,Q5,-0.047137716091459315
2025-03-31,2025-04-30,low_volatility,Q1,-0.05014417988169901
2025-03-31,2025-04-30,low_volatility,Q2,-0.03835425297774026
2025-03-31,2025-04-30,low_volatility,Q3,-0.043326698304464895
2025-03-31,2025-04-30,low_volatility,Q4,-0.015348112330451474
2025-03-31,2025-04-30,low_volatility,Q5,-0.012528593430875047
2025-04-30,2025-05-31,size,Q1,0.02692144778740708
2025-04-30,2025-05-31,size,Q2,0.01665425293886469
2025-04-30,2025-05-31,size,Q3,0.019680981395311336
2025-04-30,2025-05-31,size,Q4,0.0055463850865316395
2025-04-30,2025-05-31,size,Q5,0.03430246772492322
2025-04-30,2025-05-31,momentum,Q1,0.017379517028352543
2025-04-30,2025-05-31,momentum,Q2,0.018373891108058718
2025-04-30,2025-05-31,momentum,Q3,0.02721660387550171
2025-04-30,2025-05-31,momentum,Q4,0.022094210841649916
2025-04-30,2025-05-31,momentum,Q5,0.018345769811546956
2025-04-30,2025-05-31,low_volatility,Q1,0.007501971713441948
2025-04-30,2025-05-31,low_volatility,Q2,0.013852351647572748
2025-04-30,2025-05-31,low_volatility,Q3,0.019868488372642233
2025-04-30,2025-05-31,low_volatility,Q4,0.025020534505630736
2025-04-30,2025-05-31,low_volatility,Q5,0.03714005949588042
2025-05-31,2025-06-30,size,Q1,0.02548814502466615
2025-05-31,2025-06-30,size,Q2,0.040636130882133796
2025-05-31,2025-06-30,size,Q3,0.043193150437279934
2025-05-31,2025-06-30,size,Q4,0.04712653776157935
2025-05-31,2025-06-30,size,Q5,0.10332572882582243
2025-05-31,2025-06-30,momentum,Q1,0.03979049969793376
2025-05-31,2025-06-30,momentum,Q2,0.024801448718226028
2025-05-31,2025-06-30,momentum,Q3,0.049467012213597845
2025-05-31,2025-06-30,momentum,Q4,0.03487035819763459
2025-05-31,2025-06-30,momentum,Q5,0.1103721930752919
2025-05-31,2025-06-30,low_volatility,Q1,0.13792303786805157
2025-05-31,2025-06-30,low_volatility,Q2,0.05703765928030909
2025-05-31,2025-06-30,low_volatility,Q3,0.02811279955223769
2025-05-31,2025-06-30,low_volatility,Q4,0.02154952734471843
2025-05-31,2025-06-30,low_volatility,Q5,0.01499374418585344
2025-06-30,2025-07-31,size,Q1,0.04633997222247062
2025-06-30,2025-07-31,size,Q2,0.037333627968616306
2025-06-30,2025-07-31,size,Q3,0.07205158193936337
2025-06-30,2025-07-31,size,Q4,0.05304017979001849
2025-06-30,2025-07-31,size,Q5,0.06055161402579074
2025-06-30,2025-07-31,momentum,Q1,0.08535784421491234
2025-06-30,2025-07-31,momentum,Q2,0.03947343546901602
2025-06-30,2025-07-31,momentum,Q3,0.030134873415934224
2025-06-30,2025-07-31,momentum,Q4,0.053330247587720474
2025-06-30,2025-07-31,momentum,Q5,0.06106107318031149
2025-06-30,2025-07-31,low_volatility,Q1,0.11459632642500021
2025-06-30,2025-07-31,low_volatility,Q2,0.036116640621496894
2025-06-30,2025-07-31,low_volatility,Q3,0.052132067934989125
2025-06-30,2025-07-31,low_volatility,Q4,0.037010954387638156
2025-06-30,2025-07-31,low_volatility,Q5,0.029173549697976798
2025-07-31,2025-08-31,size,Q1,0.08494150795341901
2025-07-31,2025-08-31,size,Q2,0.12307479136581373
2025-07-31,2025-08-31,size,Q3,0.10460249229939438
2025-07-31,2025-08-31,size,Q4,0.14607729795963206
2025-07-31,2025-08-31,size,Q5,0.1599050757153565
2025-07-31,2025-08-31,momentum,Q1,0.062196880641362855
2025-07-31,2025-08-31,momentum,Q2,0.06021174968673135
2025-07-31,2025-08-31,momentum,Q3,0.15561740605431404
2025-07-31,2025-08-31,momentum,Q4,0.10924550056199962
2025-07-31,2025-08-31,momentum,Q5,0.2321798769117898
2025-07-31,2025-08-31,low_volatility,Q1,0.2558922842216444
2025-07-31,2025-08-31,low_volatility,Q2,0.13577047825343824
2025-07-31,2025-08-31,low_volatility,Q3,0.10397826735055625
2025-07-31,2025-08-31,low_volatility,Q4,0.07163939499840355
2025-07-31,2025-08-31,low_volatility,Q5,0.05131033672042593
2025-08-31,2025-09-30,size,Q1,0.004247430128921184
2025-08-31,2025-09-30,size,Q2,0.011172727895707337
2025-08-31,2025-09-30,size,Q3,0.04252861504729711
2025-08-31,2025-09-30,size,Q4,0.047105507147135545
2025-08-31,2025-09-30,size,Q5,0.09773317903071467
2025-08-31,2025-09-30,momentum,Q1,0.02147311460346021
2025-08-31,2025-09-30,momentum,Q2,0.025447189353974504
2025-08-31,2025-09-30,momentum,Q3,0.03603385560003792
2025-08-31,2025-09-30,momentum,Q4,0.0468182518460206
2025-08-31,2025-09-30,momentum,Q5,0.07290680185549496
2025-08-31,2025-09-30,low_volatility,Q1,0.06938853730866232
2025-08-31,2025-09-30,low_volatility,Q2,0.14047649183415215
2025-08-31,2025-09-30,low_volatility,Q3,0.028644497459752224
2025-08-31,2025-09-30,low_volatility,Q4,-0.0054316291209667075
2025-08-31,2025-09-30,low_volatility,Q5,-0.030521840191616554
2025-09-30,2025-10-31,size,Q1,0.005803649330345934
2025-09-30,2025-10-31,size,Q2,0.0020653493032762355
2025-09-30,2025-10-31,size,Q3,-0.018978589177310105
2025-09-30,2025-10-31,size,Q4,0.02238992805575697
2025-09-30,2025-10-31,size,Q5,0.017722532033055457
2025-09-30,2025-10-31,momentum,Q1,0.022306820646098856
2025-09-30,2025-10-31,momentum,Q2,0.022535993193487765
2025-09-30,2025-10-31,momentum,Q3,-0.0003242503235005724
2025-09-30,2025-10-31,momentum,Q4,0.015532002088095557
2025-09-30,2025-10-31,momentum,Q5,-0.03073679041149362
2025-09-30,2025-10-31,low_volatility,Q1,-0.016676200407007492
2025-09-30,2025-10-31,low_volatility,Q2,-0.0069156380718985245
2025-09-30,2025-10-31,low_volatility,Q3,-0.005635997746564459
2025-09-30,2025-10-31,low_volatility,Q4,0.03146605346228535
2025-09-30,2025-10-31,low_volatility,Q5,0.02698702883215538
2025-10-31,2025-11-30,size,Q1,-0.018259113124224315
2025-10-31,2025-11-30,size,Q2,-0.03744262431103719
2025-10-31,2025-11-30,size,Q3,-0.02696913691782796
2025-10-31,2025-11-30,size,Q4,-0.025491498754377655
2025-10-31,2025-11-30,size,Q5,-0.02835737763842174
2025-10-31,2025-11-30,momentum,Q1,-0.03424508406137014
2025-10-31,2025-11-30,momentum,Q2,-0.00842407298730586
2025-10-31,2025-11-30,momentum,Q3,-0.0013059997223896578
2025-10-31,2025-11-30,momentum,Q4,-0.041465662827530635
2025-10-31,2025-11-30,momentum,Q5,-0.050651212194035275
2025-10-31,2025-11-30,low_volatility,Q1,-0.06097361383534718
2025-10-31,2025-11-30,low_volatility,Q2,-0.040995542737140726
2025-10-31,2025-11-30,low_volatility,Q3,-0.019917723398082836
2025-10-31,2025-11-30,low_volatility,Q4,-0.013637402459562579
2025-10-31,2025-11-30,low_volatility,Q5,-0.0008779447570931169
2025-11-30,2025-12-31,size,Q1,0.016225825652260474
2025-11-30,2025-12-31,size,Q2,0.028786788561005965
2025-11-30,2025-12-31,size,Q3,0.050062043320655975
2025-11-30,2025-12-31,size,Q4,0.018430973039122868
2025-11-30,2025-12-31,size,Q5,0.059167262795757396
2025-11-30,2025-12-31,momentum,Q1,-0.0041235246958449935
2025-11-30,2025-12-31,momentum,Q2,0.005513965882569107
2025-11-30,2025-12-31,momentum,Q3,0.006132237581177851
2025-11-30,2025-12-31,momentum,Q4,0.06234710098934078
2025-11-30,2025-12-31,momentum,Q5,0.10207095018256863
2025-11-30,2025-12-31,low_volatility,Q1,0.07658030595567861
2025-11-30,2025-12-31,low_volatility,Q2,0.08354977683063715
2025-11-30,2025-12-31,low_volatility,Q3,0.02701339029909696
2025-11-30,2025-12-31,low_volatility,Q4,0.0022416456876646024
2025-11-30,2025-12-31,low_volatility,Q5,-0.017096369621300612
2025-12-31,2026-01-31,size,Q1,-0.011821067088140298
2025-12-31,2026-01-31,size,Q2,0.0584875439794033
2025-12-31,2026-01-31,size,Q3,0.010806805973959353
2025-12-31,2026-01-31,size,Q4,0.09203099398545254
2025-12-31,2026-01-31,size,Q5,0.058696161778234356
2025-12-31,2026-01-31,momentum,Q1,0.0046760981744956446
2025-12-31,2026-01-31,momentum,Q2,0.027512295900126212
2025-12-31,2026-01-31,momentum,Q3,0.016115883468814603
2025-12-31,2026-01-31,momentum,Q4,0.03834826690440127
2025-12-31,2026-01-31,momentum,Q5,0.12154789418107152
2025-12-31,2026-01-31,low_volatility,Q1,0.09934308219308471
2025-12-31,2026-01-31,low_volatility,Q2,0.08591774613660355
2025-12-31,2026-01-31,low_volatility,Q3,0.04253093414549144
2025-12-31,2026-01-31,low_volatility,Q4,-0.011138878077333816
2025-12-31,2026-01-31,low_volatility,Q5,-0.00845244576893662
2026-01-31,2026-02-28,size,Q1,-0.013337993068474207
2026-01-31,2026-02-28,size,Q2,0.02471889188924652
2026-01-31,2026-02-28,size,Q3,0.03147397588978547
2026-01-31,2026-02-28,size,Q4,0.04187507579350516
2026-01-31,2026-02-28,size,Q5,0.028104655455026193
2026-01-31,2026-02-28,momentum,Q1,0.016385131334515836
2026-01-31,2026-02-28,momentum,Q2,0.017892063470332772
2026-01-31,2026-02-28,momentum,Q3,0.0004033501535545492
2026-01-31,2026-02-28,momentum,Q4,0.03150373416133708
2026-01-31,2026-02-28,momentum,Q5,0.046650326839348895
2026-01-31,2026-02-28,low_volatility,Q1,0.04438581259182882
2026-01-31,2026-02-28,low_volatility,Q2,0.032133499486588446
2026-01-31,2026-02-28,low_volatility,Q3,0.008965831255796001
2026-01-31,2026-02-28,low_volatility,Q4,0.01565763031273298
2026-01-31,2026-02-28,low_volatility,Q5,0.011691832312142887
2026-02-28,2026-03-31,size,Q1,-0.042744060203011254
2026-02-28,2026-03-31,size,Q2,-0.09003646781143253
2026-02-28,2026-03-31,size,Q3,-0.07341034007664912
2026-02-28,2026-03-31,size,Q4,-0.06125982305979315
2026-02-28,2026-03-31,size,Q5,-0.08884625593364813
2026-02-28,2026-03-31,momentum,Q1,-0.042417209889980254
2026-02-28,2026-03-31,momentum,Q2,-0.06239554709920825
2026-02-28,2026-03-31,momentum,Q3,-0.05615555298068806
2026-02-28,2026-03-31,momentum,Q4,-0.08654691392809785
2026-02-28,2026-03-31,momentum,Q5,-0.10878172318655975
2026-02-28,2026-03-31,low_volatility,Q1,-0.1337464451753875
2026-02-28,2026-03-31,low_volatility,Q2,-0.09460914942150953
2026-02-28,2026-03-31,low_volatility,Q3,-0.09248176853625492
2026-02-28,2026-03-31,low_volatility,Q4,-0.03109549508943919
2026-02-28,2026-03-31,low_volatility,Q5,-0.004364088861943036
2026-03-31,2026-04-30,size,Q1,0.07041067675930496
2026-03-31,2026-04-30,size,Q2,0.07694814598122297
2026-03-31,2026-04-30,size,Q3,0.06370434748985655
2026-03-31,2026-04-30,size,Q4,0.05830145789800998
2026-03-31,2026-04-30,size,Q5,0.046192356775128986
2026-03-31,2026-04-30,momentum,Q1,-0.004270007663102191
2026-03-31,2026-04-30,momentum,Q2,0.03294143088571444
2026-03-31,2026-04-30,momentum,Q3,0.034710602095576776
2026-03-31,2026-04-30,momentum,Q4,0.07771976031955362
2026-03-31,2026-04-30,momentum,Q5,0.17445519926578082
2026-03-31,2026-04-30,low_volatility,Q1,0.1476316018831846
2026-03-31,2026-04-30,low_volatility,Q2,0.10476815398912352
2026-03-31,2026-04-30,low_volatility,Q3,0.05369801604352678
2026-03-31,2026-04-30,low_volatility,Q4,0.012511747481926148
2026-03-31,2026-04-30,low_volatility,Q5,-0.0030525344942375966
2026-04-30,2026-05-31,size,Q1,0.016199409129593417
2026-04-30,2026-05-31,size,Q2,0.00543518028088264
2026-04-30,2026-05-31,size,Q3,-0.035858405832613315
2026-04-30,2026-05-31,size,Q4,-0.007869371268761633
2026-04-30,2026-05-31,size,Q5,-0.03256968822374943
2026-04-30,2026-05-31,momentum,Q1,-0.03764686592906361
2026-04-30,2026-05-31,momentum,Q2,-0.03142511353300732
2026-04-30,2026-05-31,momentum,Q3,-0.013895242371454916
2026-04-30,2026-05-31,momentum,Q4,-0.011400079675001491
2026-04-30,2026-05-31,momentum,Q5,0.03970442559387902
2026-04-30,2026-05-31,low_volatility,Q1,0.04957124010594736
2026-04-30,2026-05-31,low_volatility,Q2,0.009207441537462212
2026-04-30,2026-05-31,low_volatility,Q3,-0.03880123607988806
2026-04-30,2026-05-31,low_volatility,Q4,-0.044659814518852654
2026-04-30,2026-05-31,low_volatility,Q5,-0.029980506959317185
2026-05-31,2026-06-30,size,Q1,0.037403756300592006
2026-05-31,2026-06-30,size,Q2,0.0055237508895318145
2026-05-31,2026-06-30,size,Q3,0.0020912021816278364
2026-05-31,2026-06-30,size,Q4,-0.052093200926490786
2026-05-31,2026-06-30,size,Q5,-0.07571083290310879
2026-05-31,2026-06-30,momentum,Q1,-0.07878691608109302
2026-05-31,2026-06-30,momentum,Q2,-0.03231117295230366
2026-05-31,2026-06-30,momentum,Q3,-0.05216702837167218
2026-05-31,2026-06-30,momentum,Q4,0.009805472638724165
2026-05-31,2026-06-30,momentum,Q5,0.07067432030849678
2026-05-31,2026-06-30,low_volatility,Q1,0.1289403750589925
2026-05-31,2026-06-30,low_volatility,Q2,0.003952761944294467
2026-05-31,2026-06-30,low_volatility,Q3,-0.10315736326350125
2026-05-31,2026-06-30,low_volatility,Q4,-0.04753440422213663
2026-05-31,2026-06-30,low_volatility,Q5,-0.064986693975497
2026-06-30,2026-07-31,size,Q1,-0.08440129377573517
2026-06-30,2026-07-31,size,Q2,-0.0239989175268504
2026-06-30,2026-07-31,size,Q3,0.014304979226198502
2026-06-30,2026-07-31,size,Q4,0.030813405552203858
2026-06-30,2026-07-31,size,Q5,0.061013545288904694
2026-06-30,2026-07-31,momentum,Q1,0.10248951320666393
2026-06-30,2026-07-31,momentum,Q2,0.07288901854140097
2026-06-30,2026-07-31,momentum,Q3,0.0270799381107409
2026-06-30,2026-07-31,momentum,Q4,0.020194853017845037
2026-06-30,2026-07-31,momentum,Q5,-0.22492160411192935
2026-06-30,2026-07-31,low_volatility,Q1,-0.2429235113661351
2026-06-30,2026-07-31,low_volatility,Q2,-0.017094617320733505
2026-06-30,2026-07-31,low_volatility,Q3,0.061567618036892896
2026-06-30,2026-07-31,low_volatility,Q4,0.07703275648393136
2026-06-30,2026-07-31,low_volatility,Q5,0.11914947293076582
