date,timing_strategy,equal_weight_factors,market_proxy,turnover,fold,candidate
2023-08-09,0.0022819234798567194,0.0008186325474100689,-0.00694150304321619,0.0,1,momentum_defensive
2023-08-10,0.0006476393683426864,9.622341657438257e-06,0.004501617020115588,0.0,1,momentum_defensive
2023-08-11,-0.006993513978682161,-0.004991175038714518,-0.022409228776591142,0.0,1,momentum_defensive
2023-08-14,-7.322792214731135e-05,0.00031310641054511104,-0.0019448452258914036,0.5,1,momentum_defensive
2023-08-15,0.008486692686256306,0.003839848955076765,-0.002907236078514659,0.0,1,momentum_defensive
2023-08-16,-0.0015279182854564086,-0.0003566047169989924,-0.009702744003333817,0.0,1,momentum_defensive
2023-08-17,0.010356451374206809,0.004407484461942943,0.004501682348813047,0.0,1,momentum_defensive
2023-08-18,-0.0016227711412377934,-0.0007904737565684967,-0.014091715565502594,0.0,1,momentum_defensive
2023-08-21,-0.018250530843991527,-0.005726512627106721,-0.013151017303622115,0.24918944496667736,1,momentum_defensive
2023-08-22,0.013317322641783414,0.005494841105434541,0.011608413609813593,0.0,1,momentum_defensive
2023-08-23,-0.004316374283403277,-0.0006598199523492577,-0.018786812329858012,0.0,1,momentum_defensive
2023-08-24,0.01596768849572851,0.006394386893406522,0.004440527016921773,0.0,1,momentum_defensive
2023-08-25,-0.005449438568934379,-0.003354139580990244,-0.009235879668040611,0.0,1,momentum_defensive
2023-08-28,-0.007313049890106487,-0.0006245613656635482,0.012044927874311231,0.5,1,momentum_defensive
2023-08-29,-0.008114051172514654,-0.003327671717696976,0.013562632725514799,0.0,1,momentum_defensive
2023-08-30,-0.0018746355754102654,-0.0011433453954508795,0.0022013343562796057,0.0,1,momentum_defensive
2023-08-31,0.006890127913522885,0.0029379639591593293,-0.004573644675387372,0.0,1,momentum_defensive
2023-09-01,-0.0020510946988585325,-0.003054731508994028,0.005164206440144817,0.0,1,momentum_defensive
2023-09-04,0.0038010534444402585,0.0037887926036125935,0.014261348643665095,0.5,1,momentum_defensive
2023-09-05,-0.005303418968167574,-0.0023684685552482388,-0.007156743809232996,0.0,1,momentum_defensive
2023-09-06,0.007937650720987028,0.0047923036994637165,-0.0007798880587003313,0.0,1,momentum_defensive
2023-09-07,0.000767348231843596,0.0023695222358270087,-0.014332449753681392,0.0,1,momentum_defensive
2023-09-08,-0.0015103116757836836,-0.0037357943065287613,-0.0016460727624835027,0.0,1,momentum_defensive
2023-09-11,0.0008336713937180688,8.699188267700397e-05,0.010414356604490678,0.5,1,momentum_defensive
2023-09-12,0.00985125233972428,0.007420782909050699,-0.0011442855878678513,0.0,1,momentum_defensive
2023-09-13,-0.0005657328029659615,0.003111951375604158,-0.008598196126813123,0.0,1,momentum_defensive
2023-09-14,0.004265014036118137,0.0044440061985128705,0.00014510556717664986,0.0,1,momentum_defensive
2023-09-15,0.0005834889030957678,0.0008370117856752095,-0.004737437578279057,0.0,1,momentum_defensive
2023-09-18,-0.006273716317455528,-0.0003832595393970517,0.001148247284583798,0.4083680080825552,1,momentum_defensive
2023-09-19,-0.003617302767411932,-0.00099131057858198,-0.0023929423371169974,0.0,1,momentum_defensive
2023-09-20,-0.0009247028865996569,-0.0014450919283634735,-0.004934864894489489,0.0,1,momentum_defensive
2023-09-21,-0.00494586318656894,-0.01459189548955859,-0.006471488717127748,0.0,1,momentum_defensive
2023-09-22,0.006542474369650938,0.005520824682241893,0.018911504727478354,0.0,1,momentum_defensive
2023-09-25,-0.010251431375667345,-0.006572885214084029,-0.006703958469728825,0.2079862245407692,1,momentum_defensive
2023-09-26,0.003844986651471635,-0.0002041246544827646,-0.0033825435254138747,0.0,1,momentum_defensive
2023-09-27,1.0466033712219964e-05,-0.0010152355004491294,0.0019234916409687013,0.0,1,momentum_defensive
2023-09-28,-0.0014282639841805501,-0.00019919783373341084,0.001225200162697243,0.0,1,momentum_defensive
2023-10-09,0.00022116630228093896,0.0009901656285602645,-0.00017080745595441572,0.5000000000000001,1,momentum_defensive
2023-10-10,-0.007530360579536363,-0.007251727386751177,-0.005821217982535719,0.0,1,momentum_defensive
2023-10-11,0.007436257629914349,0.0032337845006769916,0.0012413880510500446,0.0,1,momentum_defensive
2023-10-12,-0.0029850984873624202,0.004155159253633654,0.00940609435582169,0.0,1,momentum_defensive
2023-10-13,0.0015504168008052004,0.005108092604148813,-0.009844325394241318,0.0,1,momentum_defensive
2023-10-16,-0.0029650477372346667,-0.00011169443554528211,-0.008404186788820264,0.5,1,momentum_defensive
2023-10-17,-0.003035313622435819,0.0017057407514463024,0.004104875236986054,0.0,1,momentum_defensive
2023-10-18,0.004139452993967679,-0.0007633470572848656,-0.009703173604608817,0.0,1,momentum_defensive
2023-10-19,0.007435121430876476,0.00434794810142595,-0.015507091545421403,0.0,1,momentum_defensive
2023-10-20,-0.005975603536077836,0.0013009746761321816,-0.0077588281458324596,0.0,1,momentum_defensive
2023-10-23,0.005525508975438281,0.005342679353066398,-0.015042700996491774,0.5,1,momentum_defensive
2023-10-24,0.0035974389838233835,0.003062396723455506,0.0076523980978091665,0.0,1,momentum_defensive
2023-10-25,0.0012828306899146991,0.0001353972714749962,0.005212876885986664,0.0,1,momentum_defensive
2023-10-26,-0.0007233621310202736,-0.0003009288303719789,0.005045096832535883,0.0,1,momentum_defensive
2023-10-27,-0.00630241680209885,-0.004629527253159668,0.012239891648206123,0.0,1,momentum_defensive
2023-10-30,0.0009290542573154733,0.0023861622556566077,0.006304669451827201,0.5,1,momentum_defensive
2023-10-31,0.00014488286655570175,0.0005198127581125327,-0.002945218081991827,0.0,1,momentum_defensive
2023-11-01,-0.00013146287281609386,0.0004292603423820607,-0.004167527415217127,0.0,1,momentum_defensive
2023-11-02,-0.004137900011959656,-0.00510613682640515,-0.006115555166459885,0.0,1,momentum_defensive
2023-11-03,-0.004991465774733778,-0.007419776987980216,0.009422975044928164,0.0,1,momentum_defensive
2023-11-06,-0.009861380970283978,-0.006829512476566227,0.015207152991213247,0.5,1,momentum_defensive
2023-11-07,-0.0016755084898750438,-0.0017081689587282426,0.0007039518808958548,0.0,1,momentum_defensive
2023-11-08,0.0020982013439193887,-0.0014369765873064942,-0.0017790014986724806,0.0,1,momentum_defensive
2023-11-09,0.002375541458153102,0.00377966919802954,0.0008046373672155845,0.0,1,momentum_defensive
2023-11-10,-0.004692524155100619,-0.003278260071834565,-0.004670790868160215,0.0,1,momentum_defensive
2023-11-13,-0.004086510659753991,-0.00010422403062301397,0.0030472563830798317,0.5,1,momentum_defensive
2023-11-14,0.005644581371378334,-0.00014453941633267884,0.0030938193266259427,0.0,1,momentum_defensive
2023-11-15,-0.001238842019033154,0.0018228830484681151,0.006193450598153228,0.0,1,momentum_defensive
2023-11-16,-0.003140914538163202,-0.0012854361603652474,-0.009529706494136989,0.0,1,momentum_defensive
2023-11-17,9.514199636055908e-05,0.000196354154704128,0.002310649129361019,0.0,1,momentum_defensive
2023-11-20,-0.0010644809197592467,-0.00025200568983751456,0.002173231647287225,0.49999999999999994,1,momentum_defensive
2023-11-21,-0.00428787050085886,0.0010784045740761176,-0.002001386849336053,0.0,1,momentum_defensive
2023-11-22,0.0029767071214560153,0.001210583420192503,-0.010546231812864324,0.0,1,momentum_defensive
2023-11-23,-0.005106953326727166,0.0004534921157428997,0.006584507552968096,0.0,1,momentum_defensive
2023-11-24,-0.0036436261124891136,0.001278447137141396,-0.009339566935980204,0.0,1,momentum_defensive
2023-11-27,0.000275380908556651,0.000413905726434977,-0.002823676216466673,0.35260316862895813,1,momentum_defensive
2023-11-28,-0.003964702310912219,0.0012084064173300507,0.00137757905106852,0.0,1,momentum_defensive
2023-11-29,-0.0052706708367127875,-0.0003337660468748269,-0.007035799465526341,0.0,1,momentum_defensive
2023-11-30,0.005744288421138586,-0.0011406111822975281,0.002090840751972505,0.0,1,momentum_defensive
2023-12-01,-0.0026808704933114214,0.0012518609677453342,0.0017947856628966914,0.0,1,momentum_defensive
2023-12-04,0.0008687556165379766,0.0037738659691090317,-0.0024077339799615967,0.5000000000000001,1,momentum_defensive
2023-12-05,0.0017373272893348697,-0.0020337296731878863,-0.018394595192185517,0.0,1,momentum_defensive
2023-12-06,-0.0019117227280808693,-0.002617046830907099,0.001699518949769914,0.0,1,momentum_defensive
2023-12-07,-0.00034321432665367405,-0.005772651429759347,0.0004471557473109821,0.0,1,momentum_defensive
2023-12-08,0.002784651212239189,0.0008791939115347895,0.007245760471374338,0.0,1,momentum_defensive
2023-12-11,-0.005191567166376572,0.0006115654120265723,0.008584006660325211,0.5,1,momentum_defensive
2023-12-12,0.0079748974760417,0.003582744860954404,0.0010447843378909494,0.0,1,momentum_defensive
2023-12-13,-0.00027940890418767805,0.0003828768688335588,-0.013398518590479634,0.0,1,momentum_defensive
2023-12-14,-0.005426945445727143,-0.0007290746700308785,-0.004944512233141993,0.0,1,momentum_defensive
2023-12-15,6.873545486596553e-06,-0.0011242009928343153,-0.0042663558379978424,0.0,1,momentum_defensive
2023-12-18,0.0014954422806776756,-0.0002969923215008375,-0.006095786773829257,0.4999999999999999,1,momentum_defensive
2023-12-19,-0.0014637318217929967,0.002080501175053932,0.0005456132147314967,0.0,1,momentum_defensive
2023-12-20,-0.006408076586123055,-0.003109004516816939,-0.012606665338624366,0.0,1,momentum_defensive
2023-12-21,-0.00966799991954487,1.490889482825265e-05,0.008871708930386244,0.0,1,momentum_defensive
2023-12-22,-0.004668022658648106,-0.0018187064672327451,-0.0003406045855571883,0.0,1,momentum_defensive
2023-12-25,4.0806259864882e-05,0.0011424957483892975,0.0030891901605274185,0.3291782413162927,1,momentum_defensive
2023-12-26,0.0033663569520625174,0.0024631294321525365,-0.007314409668491572,0.0,1,momentum_defensive
2023-12-27,-0.028937510240114286,-0.004951061415993559,0.00585495264020813,0.0,1,momentum_defensive
2023-12-28,0.008663595905270279,0.0023429339330357938,0.019402117718109322,0.0,1,momentum_defensive
2023-12-29,0.007731012330519054,0.010028802905811622,0.00674476009138206,0.0,1,momentum_defensive
2024-01-02,0.0011394554646779313,0.0024239558100417036,-0.007537089488601459,0.5,1,momentum_defensive
2024-01-03,0.006702835551850552,0.0019711884016178722,-0.0029740028579675515,0.0,1,momentum_defensive
2024-01-04,0.0016830750377916657,0.0021430567990299238,-0.009248170839101531,0.0,1,momentum_defensive
2024-01-05,0.0047698749764610035,-5.275616169056028e-06,-0.007958877403356043,0.0,1,momentum_defensive
2024-01-08,-0.0004238051484708508,0.0012727861450222457,-0.014427436555134964,0.5000000000000001,1,momentum_defensive
2024-01-09,0.0010673002775935813,0.0023798165654136247,0.0010999585269477598,0.0,1,momentum_defensive
2024-01-10,-0.0071056626920980364,-0.002383749595289563,-0.005300939535825609,0.0,1,momentum_defensive
2024-01-11,0.008410258279770912,0.005424823558751514,0.007468701183137017,0.0,1,momentum_defensive
2024-01-12,0.004326351565403064,0.0014263208996758683,-0.004247564584114278,0.0,1,momentum_defensive
2024-01-15,0.0025463533741265417,-5.841551534322472e-05,-0.00026229516874169077,0.5,1,momentum_defensive
2024-01-16,0.005198135891398319,0.0017084092130692835,0.004289242501325141,0.0,1,momentum_defensive
2024-01-17,-0.017353504337694226,-0.010198811722011416,-0.021305545718944382,0.0,1,momentum_defensive
2024-01-18,0.0013798846981151653,-0.0014692256857969498,0.0105330234641377,0.0,1,momentum_defensive
2024-01-19,0.0017015238154988088,-0.005980643841540428,-0.005278898620742895,0.0,1,momentum_defensive
2024-01-22,-0.013770641792639477,-0.00035893925085024467,-0.026237409723252492,0.5,1,momentum_defensive
2024-01-23,0.011829084233355304,0.0022607818661305686,0.012071802029262892,0.0,1,momentum_defensive
2024-01-24,-0.0012471184539924619,-0.00368857338554154,0.01611126933866334,0.0,1,momentum_defensive
2024-01-25,0.020210106518222797,0.004546193454605455,0.02450870736769383,0.0,1,momentum_defensive
2024-01-26,0.022559408816449345,0.001146381404925074,-0.0050145792535388894,0.0,1,momentum_defensive
2024-01-29,0.012210395844237715,-0.0013868928035343613,-0.01332710342655619,0.46908904000300844,1,momentum_defensive
2024-01-30,0.028596442915373346,0.003397319567957353,-0.01915848402846737,0.0,1,momentum_defensive
2024-01-31,-0.018509935921336238,-0.00200101625008661,-0.014732431751036681,0.0,1,momentum_defensive
2024-02-01,0.03279496052045402,0.0013776271928243684,0.002458944784495194,0.0,1,momentum_defensive
2024-02-02,0.03730931401422121,-0.0025013351111786808,-0.015727044301045934,0.0,1,momentum_defensive
2024-02-05,-0.057155544211948836,-0.0022498433330031065,-0.007079849225627694,0.04531096483734415,1,momentum_defensive
2024-02-06,-0.024134370862525324,-0.0009375343741814234,0.04785097609493598,0.0,1,momentum_defensive
2024-02-07,-0.03366399216658397,-0.004820522174624388,0.014336268480471334,0.0,1,momentum_defensive
2024-02-08,0.0007719099341029767,-0.0028796245619698347,0.011601444706608642,0.0,1,momentum_defensive
2024-02-19,0.006852907845225901,0.005354301688454092,0.019567261744432907,0.5,1,momentum_defensive
2024-02-20,0.0009695092316089557,0.0017068422549839006,0.0016814980314717649,0.0,2,balanced
2024-02-21,-0.009555746345617615,-0.006375463442617432,0.007332087674895339,0.0,2,balanced
2024-02-22,-0.008484681813263418,-0.004781286799963376,0.012632303351746074,0.0,2,balanced
2024-02-23,-0.01213069363452442,-0.0027617677674602885,0.004012980149478105,0.0,2,balanced
2024-02-26,-0.02339436905818417,-0.011893071402792305,-0.006207520044847401,0.0,2,balanced
2024-02-27,0.014247784457921879,0.00823769209745191,0.019870300268458072,0.0,2,balanced
2024-02-28,-0.02108115651714635,-0.00980059831084378,-0.019455411099159506,0.0,2,balanced
2024-02-29,-0.009619291423108462,-0.007434929880087099,0.026572951830588384,0.0,2,balanced
2024-03-01,-0.002214409991729084,-0.0016999471666709748,0.008741864626300284,0.0,2,balanced
2024-03-04,0.008411124239614907,0.0018621564390881977,0.003823755834656314,0.0,2,balanced
2024-03-05,0.001812794355372303,0.0025796788278073337,0.0028290264569837188,0.0,2,balanced
2024-03-06,0.010476951506588806,0.005096115870784227,-0.0018884781471496664,0.0,2,balanced
2024-03-07,-0.00521930703926291,-0.0007699932448057167,-0.007719438186505765,0.0,2,balanced
2024-03-08,-0.003744435922734261,0.0036367195827707475,0.010605331042037074,0.0,2,balanced
2024-03-11,-0.0024900203771127502,0.0009796687658309652,0.010471603417995698,0.5,2,balanced
2024-03-12,0.0034420538004631593,0.0012718062424227807,-0.002762657669374145,0.0,2,balanced
2024-03-13,-0.0005299226506053308,0.0008906166395515856,-0.0032848316162084994,0.0,2,balanced
2024-03-14,0.0056971864104576305,0.0023969052175385626,-0.003727715993396437,0.0,2,balanced
2024-03-15,0.0008767643872340987,-0.000881836471377393,0.0075415224048976555,0.0,2,balanced
2024-03-18,-0.0006455339444566305,0.0006597307920853417,0.014476550235731862,0.5000000000000001,2,balanced
2024-03-19,-0.0010064958045611701,-0.0012087862201193135,-0.007890423489066264,0.0,2,balanced
2024-03-20,-0.0030350699543099727,-0.004115068307976312,0.002776153818470038,0.0,2,balanced
2024-03-21,-0.0018725063333203654,-0.00322153623048806,-0.0014299615555594452,0.0,2,balanced
2024-03-22,-0.0024120157068457417,0.0024149272709948627,-0.009789446175535796,0.0,2,balanced
2024-03-25,-0.005971546039954327,0.00371465986900523,-0.008937837312795481,0.49999999999999994,2,balanced
2024-03-26,-0.013382400657797434,-0.0013778565464995448,0.0020704206718109453,0.0,2,balanced
2024-03-27,0.013625902589298987,0.0019796109267792386,-0.017408271725362266,0.0,2,balanced
2024-03-28,0.0002670963942706511,0.0020020255567955608,0.010327847130862116,0.0,2,balanced
2024-03-29,0.004501202795287986,0.0003809028401845766,0.007199399278630726,0.0,2,balanced
2024-04-01,-0.001270954369000398,0.0022501930422076074,0.0168254829519155,0.5000000000000001,2,balanced
2024-04-02,-0.001882432488267337,0.00024493311260344,-0.005221640299240281,0.0,2,balanced
2024-04-03,0.0005935679592245177,-0.0014782735832067355,-0.004328701283237862,0.0,2,balanced
2024-04-08,-0.0002701150157955149,0.0020438135346883845,-0.008496317392125436,0.38918681700956503,2,balanced
2024-04-09,0.0009480431319864136,-0.001231534482028479,0.000556555760640474,0.0,2,balanced
2024-04-10,0.0013531835070833237,-7.942038268632354e-05,-0.010491529559926629,0.0,2,balanced
2024-04-11,0.005473123474322182,0.00038627854257239656,0.0023985335336386936,0.0,2,balanced
2024-04-12,0.0035765422961498397,0.004897576223716082,-0.003548110951836067,0.0,2,balanced
2024-04-15,-0.0017248152287530222,-0.003641925758329489,0.019075273831164925,0.5,2,balanced
2024-04-16,-0.0045257341427945045,0.0009521750672744485,-0.018940775589579746,0.0,2,balanced
2024-04-17,4.119493736395646e-05,0.0010337074353343315,0.023141998086767403,0.0,2,balanced
2024-04-18,0.012177226545836493,0.002654256658690964,0.0003324057754613221,0.0,2,balanced
2024-04-19,-0.004623783962013057,0.0014290090317781823,-0.00819085008074753,0.0,2,balanced
2024-04-22,-0.007541785106227031,-0.00016224189192302598,-0.005901214710263047,0.41715437224946084,2,balanced
2024-04-23,-0.001575970595655965,-0.00047531580716221253,-0.008521056363090581,0.0,2,balanced
2024-04-24,0.002354410463940317,0.0012883696294134013,0.009807697264605513,0.0,2,balanced
2024-04-25,-0.016441293695683347,-0.004472177687435797,-0.00032127672054337746,0.0,2,balanced
2024-04-26,-0.019305892997056727,-0.00516472080505498,0.019446351941367786,0.0,2,balanced
2024-04-29,0.008610621613606874,0.004146302923365539,0.013304965622529322,0.4057772027836791,2,balanced
2024-04-30,-0.003017516181587275,0.00044800578626363684,-0.005669248653511388,0.0,2,balanced
2024-05-06,0.0011333938058308876,0.0010142732307506343,0.013626936022391763,0.16650850899484776,2,balanced
2024-05-07,0.007204738735189711,0.0020676141893550886,-0.0001935039548023872,0.0,2,balanced
2024-05-08,-0.0008048598784059983,0.0021623886045002835,-0.009783480748034954,0.0,2,balanced
2024-05-09,0.0035093574465316,-0.0022325608411316806,0.012636918054646734,0.0,2,balanced
2024-05-10,0.00518503303479201,0.0005774831784704652,9.656078326697759e-05,0.0,2,balanced
2024-05-13,-0.0005812958753986979,0.0004769497888830895,0.0005280097534767743,0.5,2,balanced
2024-05-14,-0.0003844387399275944,-0.0002751953622320364,0.0005358205858949882,0.0,2,balanced
2024-05-15,0.0006096454824255232,0.00204716719886446,-0.01006715241780925,0.0,2,balanced
2024-05-16,0.001193719051994617,0.0020378269596928525,0.0015849360435304463,0.0,2,balanced
2024-05-17,0.00035477213657924113,0.001031093299961573,0.009463588125279825,0.0,2,balanced
2024-05-20,0.0016187600640010724,0.0012475159599926132,0.006642794437760952,0.3576452945597979,2,balanced
2024-05-21,0.00890015498058229,0.003152847643034237,-0.00432035741311065,0.0,2,balanced
2024-05-22,-0.0015751476772792494,-0.0005006469695431692,0.0018994689456525626,0.0,2,balanced
2024-05-23,0.0057110478578377,0.0021685224099515137,-0.013640690288562412,0.0,2,balanced
2024-05-24,-0.0029732813788415882,-0.0007976691607221847,-0.010598955836286967,0.0,2,balanced
2024-05-27,-0.001195044428703634,0.0003794153474577367,0.013203743172803725,0.27116372031105584,2,balanced
2024-05-28,-0.0003104373847307982,-0.00010844412738068972,-0.008416435071605251,0.0,2,balanced
2024-05-29,0.007152686067772886,0.0028639651124208352,0.00204589186828447,0.0,2,balanced
2024-05-30,0.0023632125246426145,1.149518278950477e-05,-0.002598420373255167,0.0,2,balanced
2024-05-31,-0.004529500175429023,-0.0037644573195283865,-0.0016985676401560386,0.0,2,balanced
2024-06-03,-0.0004979823003356911,0.0014445280771258047,0.002478883641210975,0.49999999999999994,2,balanced
2024-06-04,-0.0003811374971528663,-0.000223201938344196,0.008420988425369223,0.0,2,balanced
2024-06-05,-0.0037959904524963945,-0.005570242393685014,-0.005863987733192312,0.0,2,balanced
2024-06-06,0.004193582203404053,0.0020708344760558537,-0.00230315036147524,0.0,2,balanced
2024-06-07,0.0010686408315016085,0.004475387682596608,-0.00271870976353102,0.0,2,balanced
2024-06-11,0.0010036626526177825,0.0006374360856264463,-0.0020975466551734563,0.3209641699915556,2,balanced
2024-06-12,-0.003970883352253238,-0.0016633773004455423,0.003230574193024697,0.0,2,balanced
2024-06-13,-0.00070712766233057,-0.0022059322478271384,-0.002101812903944991,0.0,2,balanced
2024-06-14,-0.003061602008260048,0.0002523769103642077,0.004378131845935213,0.0,2,balanced
2024-06-17,-0.0010317763473608607,-0.0013245707038391577,-0.00037171498721312737,0.2369647293015395,2,balanced
2024-06-18,0.0022669856543990384,-0.0008499002812213501,0.005367619328845942,0.0,2,balanced
2024-06-19,0.0028050917309887396,-0.000743871602045769,-0.006304372441900345,0.0,2,balanced
2024-06-20,0.0022258467404693734,0.002198593041958137,-0.008397065307952511,0.0,2,balanced
2024-06-21,0.003241284249106493,-0.0007498525352431829,0.00041956676911694604,0.0,2,balanced
2024-06-24,-0.00722786887131363,-0.0022375368054577643,-0.012822939802227052,0.49999999999999994,2,balanced
2024-06-25,0.00499609301983066,0.0038012891914401725,-0.00896515621682232,0.0,2,balanced
2024-06-26,-0.0003725879628170561,-6.527638057999363e-05,0.012295090047385247,0.0,2,balanced
2024-06-27,0.001739899611726257,-0.003994791007630832,-0.01083285040245509,0.0,2,balanced
2024-06-28,0.0007461942297436168,-0.0014795270546237398,0.005766371141167286,0.0,2,balanced
2024-07-01,-0.0017033762872704732,-0.0016498207344359075,0.00755695361513063,0.5000000000000001,2,balanced
2024-07-02,-0.0019527223813460511,0.0022335920533692578,-0.007111479078296821,0.0,2,balanced
2024-07-03,0.009646197223887869,-0.0031338118588727752,-0.003120540217205255,0.0,2,balanced
2024-07-04,-0.005352803187236294,0.000477439210087682,-0.0084350235389331,0.0,2,balanced
2024-07-05,0.019640600687442437,0.00017709426776405763,0.0014612810584170052,0.0,2,balanced
2024-07-08,0.0077514379079355955,0.001557200156487444,-0.010351021006206568,0.47862182684601995,2,balanced
2024-07-09,-0.0026802084050400413,-0.0013951774687440588,0.016696564665248204,0.0,2,balanced
2024-07-10,-0.018673135948682633,0.000618371938697462,-0.001689045704149626,0.0,2,balanced
2024-07-11,0.00348685621832835,0.003492815418165373,0.016073191588067567,0.0,2,balanced
2024-07-12,0.0114613846089619,0.0020298951400709135,-0.002446740937962584,0.0,2,balanced
2024-07-15,0.0021576053996760873,-0.0019257578633690982,0.00035022074778791806,0.04854812141471698,2,balanced
2024-07-16,-0.008469754400186467,0.002615335521824213,0.009369241071538416,0.0,2,balanced
2024-07-17,-0.0014517213740477689,-2.377787500295278e-06,-0.0037372316161003623,0.0,2,balanced
2024-07-18,-0.004584016665745223,0.002197854075730307,0.0056800684548505755,0.0,2,balanced
2024-07-19,-0.002226164986871634,1.899134470594101e-05,0.0051942598833806565,0.0,2,balanced
2024-07-22,0.011215791341447585,0.0023811776908688243,-0.0042152839579312875,0.1420421968565365,2,balanced
2024-07-23,0.014144802606848892,-0.0002546185552315446,-0.02480955892888993,0.0,2,balanced
2024-07-24,-0.011783706307679262,0.005395727319851975,-0.0068536865938801225,0.0,2,balanced
2024-07-25,-0.01796667964674986,-0.0005340778192030946,-0.004432725320526015,0.0,2,balanced
2024-07-26,0.007431175984611536,-0.0036418084204597706,0.008928529029077687,0.0,2,balanced
2024-07-29,0.005796986632364913,0.006339550988835854,-0.004463066194303743,0.5,2,balanced
2024-07-30,-0.02032140939379849,0.00015935170990258912,-0.00454964260903305,0.0,2,balanced
2024-07-31,0.009237450971543423,0.003921047380608204,0.027137511694971327,0.0,2,balanced
2024-08-01,7.99968199805736e-05,0.005651995236518049,-0.004643117399057558,0.0,2,balanced
2024-08-02,-0.0035973972174290223,0.00353108720726567,-0.012005809779961176,0.0,2,balanced
2024-08-05,0.0010954498746787503,0.0013355457796381165,-0.018963351957699333,0.5,2,balanced
2024-08-06,-0.0038055576749112105,-0.00020778898036017207,0.005785939355830878,0.0,2,balanced
2024-08-07,0.0007209656917684802,0.0006112391513035593,-0.0005934156578966704,0.0,2,balanced
2024-08-08,-0.00792217577879438,-0.003297780616464894,-0.0010483496093551862,0.0,2,balanced
2024-08-09,-0.00658608848111872,-0.0027552901108773287,-0.004041267353819596,0.0,2,balanced
2024-08-12,-0.002331731522351434,0.00042272554541679483,-0.0023705432519923937,0.5,2,balanced
2024-08-13,-0.0013926798063080357,-2.1092569870774167e-05,0.004540264452020143,0.0,2,balanced
2024-08-14,0.003017921235690952,0.0022456424919031076,-0.009418960341222075,0.0,2,balanced
2024-08-15,-0.007762354026007423,-0.0069303317691067476,0.009015822465827085,0.0,2,balanced
2024-08-16,-0.004621984739475356,-0.0025184780638797663,-0.00034806356492914146,0.0,2,balanced
2024-08-19,-0.0020595313129062698,-0.00066664246085325,0.00395087966907215,0.49999999999999994,2,balanced
2024-08-20,-0.003686377992123936,-0.002106463930133118,-0.010694847752245011,0.0,2,balanced
2024-08-21,-0.005666993737862039,-0.004385797755907146,-0.00245339292077973,0.0,2,balanced
2024-08-22,0.0032716621660580257,0.0009295332746707618,-0.006858470450079191,0.0,3,low_turnover
2024-08-23,0.0032324567656827076,0.002716889311293917,0.0019101974017132818,0.0,3,low_turnover
2024-08-26,0.0005658855052568083,-0.0009496510142712121,-0.0004330007175318622,0.37014776659070747,3,low_turnover
2024-08-27,0.0007117102258529413,0.0019839169667178326,-0.008493049144168123,0.0,3,low_turnover
2024-08-28,-0.0017379702273720115,0.001823363982694226,-0.002588557414596011,0.0,3,low_turnover
2024-08-29,-0.010803883883473335,-0.005085705213957066,0.0005002075295266465,0.0,3,low_turnover
2024-08-30,0.013483870074270508,0.004961273542363291,0.01621911022853383,0.0,3,low_turnover
2024-09-02,-0.005148684193944114,0.0012547373245956042,-0.018982944891230258,0.4321366650338567,3,low_turnover
2024-09-03,0.001577941378553555,0.0015711018565345862,0.004704060779164809,0.0,3,low_turnover
2024-09-04,-0.0008104065330069876,0.0013147677936725926,-0.006946837800126249,0.0,3,low_turnover
2024-09-05,0.004871667435078393,0.00132288939145356,0.002931472576692049,0.0,3,low_turnover
2024-09-06,-0.0012514594892803898,0.0007048577793695174,-0.010395820122516906,0.0,3,low_turnover
2024-09-09,-0.004188424993216562,-0.0009115670750053829,-0.00999577888864205,0.5000000000000001,3,low_turnover
2024-09-10,-0.0036131643511471733,0.0030275701738194005,0.0022857685994395077,0.0,3,low_turnover
2024-09-11,0.003242698089694513,-0.00028298206033716873,-0.001983796486505575,0.0,3,low_turnover
2024-09-12,-0.0016082876137690023,-0.00464077897032613,-0.003803375668391031,0.0,3,low_turnover
2024-09-13,0.0018129076698235728,-0.00021175831665782161,-0.004295114533224857,0.0,3,low_turnover
2024-09-18,0.004828373167591712,0.004148273939980241,0.003500330655974018,0.35823592994493714,3,low_turnover
2024-09-19,-0.0016004773679206188,-0.0018283142380065768,0.009585414182342381,0.0,3,low_turnover
2024-09-20,-0.004344458946109553,-0.0060894255440446235,0.001570355036952285,0.0,3,low_turnover
2024-09-23,0.0008443696290378342,-0.0022198453984551398,0.0013501178455313373,0.5000000000000001,3,low_turnover
2024-09-24,0.0009162047885137444,0.0012049992552036952,0.041395210854304476,0.0,3,low_turnover
2024-09-25,-0.006142331644683437,-0.00045171423482359495,0.012259256991398152,0.0,3,low_turnover
2024-09-26,-0.005227426499756415,0.01066389081170859,0.039987214795199254,0.0,3,low_turnover
2024-09-27,-0.00829292359829871,0.008657744047523772,0.04946542447163522,0.0,3,low_turnover
2024-09-30,-0.008146548699124732,0.005301794745871462,0.09598786489641879,0.5,3,low_turnover
2024-10-08,0.002938062959507777,0.0017702572633828673,0.0690569787912521,0.0,3,low_turnover
2024-10-09,0.013480782854931145,0.00376673860147006,-0.07029511843902517,0.0,3,low_turnover
2024-10-10,0.004717202611576866,0.0012936792380527026,0.0063044483882628765,0.0,3,low_turnover
2024-10-11,-0.004431775508441999,-0.0026024956536501273,-0.030372209455141026,0.0,3,low_turnover
2024-10-14,0.0006015103956565719,0.0008591656256203636,0.021963249458318772,0.0,3,low_turnover
2024-10-15,-7.608994069065742e-05,-0.001586999366654799,-0.025000975839410165,0.0,3,low_turnover
2024-10-16,-0.0007116672382263759,0.001393877224287805,-0.007125439562693687,0.0,3,low_turnover
2024-10-17,0.000957046057917214,0.00641803512910052,-0.00796645834912066,0.0,3,low_turnover
2024-10-18,0.0007294754353094092,0.0019626648939842814,0.03884151964847076,0.0,3,low_turnover
2024-10-21,0.003150062131953854,0.0010197637291510658,0.007996657220893542,0.0,3,low_turnover
2024-10-22,0.006920159549771435,0.004450832971766365,0.006603799023400169,0.0,3,low_turnover
2024-10-23,0.002432066026129349,0.0017716904968372391,0.0037898804229442797,0.0,3,low_turnover
2024-10-24,0.0013986284182985055,0.004258615104038728,-0.009660589102609736,0.0,3,low_turnover
2024-10-25,0.0014970884062769042,0.0008807133704003334,0.00848386342751722,0.0,3,low_turnover
2024-10-28,-0.0061341195105461925,-0.0012746600598156066,0.003952129289987719,0.5,3,low_turnover
2024-10-29,-0.001820782973812156,-0.0017015649070932152,-0.009773223680487893,0.0,3,low_turnover
2024-10-30,0.001217259916393538,0.0007637545164143131,-0.00569008528775487,0.0,3,low_turnover
2024-10-31,0.0005597923976196338,-0.000587554607599732,0.0033642010216671653,0.0,3,low_turnover
2024-11-01,0.002827854485215427,0.002881270602299966,-0.0036887352023967255,0.0,3,low_turnover
2024-11-04,-0.0032125197736245447,0.0013029154367858314,0.0158973870572144,0.5000000000000001,3,low_turnover
2024-11-05,0.009728239621790605,0.004121082133180779,0.028462274695129693,0.0,3,low_turnover
2024-11-06,0.001097218087502785,-0.003875484150207635,0.0005603456184385459,0.0,3,low_turnover
2024-11-07,0.006307026202671687,0.0030996092049004123,0.025696318794555927,0.0,3,low_turnover
2024-11-08,0.012843703704948754,0.0025655743509840935,-0.004440020352207318,0.0,3,low_turnover
2024-11-11,0.003098669113430764,0.0035193255178849305,0.011411672457544554,0.5000000000000001,3,low_turnover
2024-11-12,-0.003968525817379884,-0.0022792847050699676,-0.011451225688723718,0.0,3,low_turnover
2024-11-13,-0.007361000562279181,0.0006970021493141807,0.007678785162883597,0.0,3,low_turnover
2024-11-14,-0.009352796159527454,-0.0022605280419839614,-0.021727909031493627,0.0,3,low_turnover
2024-11-15,-0.007288375560519663,0.0011205906956803483,-0.018732030616967068,0.0,3,low_turnover
2024-11-18,0.01639680095247735,0.008313296576957863,-0.010000553874422682,0.49999999999999994,3,low_turnover
2024-11-19,0.004508495581915503,0.0018494320834855258,0.010827734232246177,0.0,3,low_turnover
2024-11-20,-0.0009466295790658798,0.000169688063050373,0.00542891390764755,0.0,3,low_turnover
2024-11-21,-0.006706065181293642,-0.0026166293265968677,0.00035559194876704306,0.0,3,low_turnover
2024-11-22,0.003552856254248069,0.0035528887931689725,-0.0314864284757817,0.0,3,low_turnover
2024-11-25,0.005779641553258649,0.0019099951354800532,-0.004482014065405358,0.49877011351442346,3,low_turnover
2024-11-26,-0.0008428834552682957,0.00024901264097728054,-0.0031346213340018633,0.0,3,low_turnover
2024-11-27,-0.001120980579660564,0.001109373944601536,0.020772600013526828,0.0,3,low_turnover
2024-11-28,0.004113330703477239,0.0016604344951313885,-0.008299824558998203,0.0,3,low_turnover
2024-11-29,0.003608069601102306,-0.000103317694490378,0.013620371368329528,0.0,3,low_turnover
2024-12-02,-0.003855999795390779,-0.0016182711001683947,0.011941051140528432,0.3473730567111205,3,low_turnover
2024-12-03,-0.0008729337403393865,-0.0006886593205706699,0.00012529346050072654,0.0,3,low_turnover
2024-12-04,0.00046706975775437744,-0.0004029437176685891,-0.006854153849661799,0.0,3,low_turnover
2024-12-05,0.004629538977703005,0.0008787896789975826,0.0004106550305573884,0.0,3,low_turnover
2024-12-06,-0.003333997492210755,-9.012131612691338e-05,0.011277765058799067,0.0,3,low_turnover
2024-12-09,0.0026094870009697973,-6.550047922900403e-05,-0.0023765686358044975,0.5000000000000001,3,low_turnover
2024-12-10,0.003434810622541112,0.0015252816660312782,0.005000054346086667,0.0,3,low_turnover
2024-12-11,0.0008340565860955724,-6.772132182575429e-05,0.001987289702058278,0.0,3,low_turnover
2024-12-12,0.0024789046499848967,0.0023384858977843212,0.007874278896891972,0.0,3,low_turnover
2024-12-13,-0.001679374328149797,-0.0004824518376162678,-0.020546814699451358,0.0,3,low_turnover
2024-12-16,-0.005491189682393672,-0.004228117299048712,-0.006611095318040726,0.4728194946784339,3,low_turnover
2024-12-17,-0.0010095321849844974,-0.00027806586901914725,-0.0013331643616917657,0.0,3,low_turnover
2024-12-18,-0.0046752518729391394,-0.002166824577781331,0.005240530096765672,0.0,3,low_turnover
2024-12-19,-0.001226493499751344,0.00038734160634709295,0.004086089646527319,0.0,3,low_turnover
2024-12-20,-0.002542335249886225,-0.0030519363178160325,-0.0013968128145064034,0.0,3,low_turnover
2024-12-23,-0.000368890176748781,-0.0005760846229581583,-0.003092996157031962,0.15013682024481315,3,low_turnover
2024-12-24,-0.0037578588169505964,-0.0027796726823033345,0.012435234395191529,0.0,3,low_turnover
2024-12-25,-0.004127514875147303,-0.001392317583908953,-0.0008708833893786405,0.0,3,low_turnover
2024-12-26,0.005170045492859237,0.00319964479921307,0.005105889403916078,0.0,3,low_turnover
2024-12-27,-0.003960517102131581,-0.0024543287832772325,-0.001735163783960338,0.0,3,low_turnover
2024-12-30,0.00315007793199359,0.00045571682231983907,0.0020559190031188505,0.29887454509208433,3,low_turnover
2024-12-31,0.003645486014948599,0.001871269598534217,-0.019622244033189504,0.0,3,low_turnover
2025-01-02,0.004256357378742619,0.0017869842265327122,-0.031666403990408785,0.0,3,low_turnover
2025-01-03,0.00040188017632206174,0.00041044588959272067,-0.014798310287932968,0.0,3,low_turnover
2025-01-06,-0.012343692650276756,-0.000356152705562414,-0.0012574943910906424,0.5000000000000002,3,low_turnover
2025-01-07,0.00027787810253791887,-0.00012502116665442632,0.011242375060187925,0.0,3,low_turnover
2025-01-08,-0.005759286426995822,0.00023881365543175815,-0.0011200917903994303,0.0,3,low_turnover
2025-01-09,0.003280164172494166,0.000218634537997558,-0.0006945727915162205,0.0,3,low_turnover
2025-01-10,0.0024977228897124313,0.0034355842805030485,-0.014880092191256834,0.0,3,low_turnover
2025-01-13,-0.015013514978558273,-0.005736121749829977,-0.001366418158113628,0.1823554486171627,3,low_turnover
2025-01-14,0.005828242157129853,0.003314187189377087,0.030395057250696748,0.0,3,low_turnover
2025-01-15,-0.0011512821530416204,-0.000749877431153105,-0.008064513464494247,0.0,3,low_turnover
2025-01-16,-0.002630246030407404,0.0001942082523200167,0.003851395259168364,0.0,3,low_turnover
2025-01-17,-0.005466542510218556,-0.0032412322088514584,0.005331218673927178,0.0,3,low_turnover
2025-01-20,-0.010689697506762227,-0.0067808036712681844,0.002356888312710405,0.5,3,low_turnover
2025-01-21,-0.006717818748131855,-0.004191970651890695,0.0014439977550202681,0.0,3,low_turnover
2025-01-22,0.004870256383940468,0.002806821616887031,-0.00456584329447218,0.0,3,low_turnover
2025-01-23,-0.0027459398426035453,-0.002448768546357542,0.0011249586984198089,0.0,3,low_turnover
2025-01-24,0.019055023653425207,0.01382323345026496,0.009149683196326837,0.0,3,low_turnover
2025-01-27,0.0009990980365781794,0.0027875477947323195,-0.005775141726807348,0.5,3,low_turnover
2025-02-05,0.003907989039474002,-0.006635667786323331,-0.0030658423097963,0.5000000000000002,3,low_turnover
2025-02-06,0.0016157378235844028,-0.004113223327734913,0.016635462992166755,0.0,3,low_turnover
2025-02-07,0.00014989693072715746,-0.0014351052781997995,0.013478131422985942,0.0,3,low_turnover
2025-02-10,0.006062812478691907,0.0018112187485042068,0.003941679024974868,0.5,3,low_turnover
2025-02-11,-0.002087409639328767,-0.0038420681123557377,-0.0036263366670646717,0.0,3,low_turnover
2025-02-12,-0.0038395883373306423,0.003940366530830313,0.009756610001302821,0.0,3,low_turnover
2025-02-13,0.002203477252661986,0.0004570081286895633,-0.006675368167935032,0.0,3,low_turnover
2025-02-14,0.0030306778110346854,-0.004860879579095257,0.007343160677367631,0.0,3,low_turnover
2025-02-17,-0.007218630254947179,0.0012564829552469275,0.0038118503183715343,0.21176659950169957,3,low_turnover
2025-02-18,0.004168610317067446,-0.001886586647176247,-0.013112384823086356,0.0,3,low_turnover
2025-02-19,0.005192596647447487,0.0013631117600045525,0.009097991205125592,0.0,3,low_turnover
2025-02-20,0.011806057026719406,-0.009109921173998203,-0.0011196486726300198,0.0,3,low_turnover
2025-02-21,-0.0006861198686618029,0.0037902836328768392,0.013283266245888386,0.0,3,low_turnover
2025-02-24,-0.0017601414489457656,0.0008639658893452555,0.0001228374607183397,0.29153820880311904,3,low_turnover
2025-02-25,0.0009442255734705698,0.00034276929581532307,-0.010144401597170446,0.0,3,low_turnover
2025-02-26,-0.011748938758377023,0.004072707277257512,0.01012332958347689,0.0,3,low_turnover
2025-02-27,-0.016357021899289212,0.006407602952325919,-0.0006039334855318459,0.0,3,low_turnover
2025-02-28,-0.0007987841181343203,0.003886527529127664,-0.02192898241048891,0.0,3,low_turnover
2025-03-03,0.010309053835269751,0.0017621384959582067,0.001357200566720466,0.3606371502328747,3,low_turnover
2025-03-04,0.006039353373456348,-0.002120984621180102,0.0030911264177333137,0.0,3,low_turnover
2025-03-05,0.009247342413708443,-0.0003487770668824522,0.00498135774359172,0.0,3,low_turnover
2025-03-06,-0.0005916088140580189,0.0017163422431688848,0.012456893546668232,0.0,4,balanced
2025-03-07,0.003393788267913916,0.0016087771744598845,-0.0036792301233020456,0.0,4,balanced
2025-03-10,0.0028417359525823877,0.005043635097765109,-0.0013413280864120673,0.5,4,balanced
2025-03-11,-0.0003560876404344295,-0.00027522911687652294,0.003926109611351035,0.0,4,balanced
2025-03-12,-0.0019517922656074418,0.0036395140891769154,-0.003112029870284082,0.0,4,balanced
2025-03-13,-0.0032372255078871866,-0.0053881665622648,-0.005434497833189818,0.0,4,balanced
2025-03-14,0.0010082242722843297,0.00112509525750636,0.020087569324868527,0.0,4,balanced
2025-03-17,0.0008021260113642537,-0.003974830347733322,-0.0007744334537609608,0.5,4,balanced
2025-03-18,-0.0030506921915881393,0.0035842184903849125,0.002901041168405022,0.0,4,balanced
2025-03-19,0.0015098532264024534,0.001664724480518191,-0.0050544332086884716,0.0,4,balanced
2025-03-20,0.0006711379863046172,0.004894928550107913,-0.006042872027468469,0.0,4,balanced
2025-03-21,-0.002898638705749549,-0.003052475744288186,-0.013373232069707084,0.0,4,balanced
2025-03-24,0.0027915870475387263,0.006061236457528522,0.0037264930209567463,0.5,4,balanced
2025-03-25,0.0007240867711728271,-0.0005484189377575287,-0.0018142542856513187,0.0,4,balanced
2025-03-26,-0.0012527794735703432,-0.0013442201016841148,-0.0017305083634806503,0.0,4,balanced
2025-03-27,-0.0003048007399324556,0.0005724210203376008,0.0013535366415627034,0.0,4,balanced
2025-03-28,-0.0052595526533459796,-0.0025841782193336696,-0.0051659090680917456,0.0,4,balanced
2025-03-31,0.003610954166223879,0.005517692045178748,-0.00784866840772112,0.5,4,balanced
2025-04-01,0.0013701301057730732,-0.0007644641703103879,0.00357275491634269,0.0,4,balanced
2025-04-02,0.0025015172567621697,0.0032928055907931924,-0.0005115379338222418,0.0,4,balanced
2025-04-03,-0.01507664851604878,0.0020747228704276507,-0.0074180330834839395,0.0,4,balanced
2025-04-07,0.0002024154988248888,0.0001949731182027195,-0.07883052091592982,0.5,4,balanced
2025-04-08,-0.0030127082174158065,-0.0005562066256331507,0.012795244016698303,0.0,4,balanced
2025-04-09,-0.0008096057373215306,-0.005187953957939477,0.016644660122917553,0.0,4,balanced
2025-04-10,-0.006618575542283756,-0.005974396396083795,0.01727057471387675,0.0,4,balanced
2025-04-11,-9.357124405049906e-05,-0.0016081909089730479,0.003764837969047497,0.0,4,balanced
2025-04-14,0.007935597359534804,0.004536013340876368,0.004535296379590452,0.49999999999999994,4,balanced
2025-04-15,0.013344256620413142,0.010051157877925468,-0.0024058727305572513,0.0,4,balanced
2025-04-16,-0.001232019699931064,-0.0013470717101942,0.001293360111465188,0.0,4,balanced
2025-04-17,-0.0019625676155915666,-0.0034334520659070286,-0.001003760692492211,0.0,4,balanced
2025-04-18,-0.013197416461071879,-0.00583635554847738,0.0009457786234596903,0.0,4,balanced
2025-04-21,0.005510931390778576,0.005199692892493049,0.007346296699960374,0.5,4,balanced
2025-04-22,-0.009775864543819485,-0.009951110261041469,-0.0025608824428760375,0.0,4,balanced
2025-04-23,0.008397010886902444,0.006121122975474605,0.0014405695966065466,0.0,4,balanced
2025-04-24,-0.0064275763090393045,-0.007263078967294713,-0.003791306246138959,0.0,4,balanced
2025-04-25,0.00251256187553389,0.0020369607497758104,0.003303135771635347,0.0,4,balanced
2025-04-28,-0.0031131633804221087,-0.002632013085922106,-0.0029694952972382943,0.0,4,balanced
2025-04-29,-0.0072137975977803175,-0.005492773968312292,-0.0018025381793684442,0.0,4,balanced
2025-04-30,-0.007400212646324222,-0.005852429206406643,0.0017809503413867653,0.0,4,balanced
2025-05-06,0.006332822384837011,0.0035269735697285565,0.015267487386577449,0.0,4,balanced
2025-05-07,-0.006513508124334613,-0.005422729983000827,0.0045108906149015325,0.0,4,balanced
2025-05-08,0.006559211390032897,0.005769879055042671,0.004946876448450269,0.0,4,balanced
2025-05-09,-0.00904052857505179,-0.007023886958178612,-0.005762565109620746,0.0,4,balanced
2025-05-12,0.0061417327082797174,0.00414709992564908,0.013918276275530867,0.4999999999999999,4,balanced
2025-05-13,0.0013103387736974697,-7.346100235889828e-05,0.0005309573852544995,0.0,4,balanced
2025-05-14,0.004283623230686664,0.003656555275095061,0.009481920456600797,0.0,4,balanced
2025-05-15,0.001023221771837555,0.0006378686718693934,-0.012127629513301067,0.0,4,balanced
2025-05-16,0.0035184973793209464,0.0019133720567390663,-0.0026322566840182252,0.0,4,balanced
2025-05-19,-0.002650622093417888,0.00012071932189314846,-0.0016071599928727074,0.49999999999999994,4,balanced
2025-05-20,-0.003006370600866649,0.000946468300116663,0.004246784413886821,0.0,4,balanced
2025-05-21,-0.001109155212671606,0.000499969272139315,0.0033276488065548744,0.0,4,balanced
2025-05-22,-0.0018550193282680317,0.0002398776393922691,-0.002869541107818679,0.0,4,balanced
2025-05-23,0.0023290310731897148,-0.0018235519408607165,-0.00900934059054819,0.0,4,balanced
2025-05-26,0.0005266276106622876,0.004358713027812169,-0.00022366209320769817,0.49999999999999994,4,balanced
2025-05-27,0.0002432230847631359,0.0015582154016236026,-0.005718151700310652,0.0,4,balanced
2025-05-28,0.00301991645122408,-0.003537382663034743,-0.00044408315676502605,0.0,4,balanced
2025-05-29,0.0014289953770018548,0.004729315804321044,0.01059548822269962,0.0,4,balanced
2025-05-30,-0.0033691252982512897,0.00021743818032496514,-0.00505492768516057,0.0,4,balanced
2025-06-03,-0.003992981793428929,-0.0016180078424026714,0.0027578680692541472,0.5,4,balanced
2025-06-04,-0.014357371467422976,-0.010204366811398668,0.006644621244177022,0.0,4,balanced
2025-06-05,0.003162072163608462,0.0029628208431337166,0.006067257893681766,0.0,4,balanced
2025-06-06,-0.0021291635375426487,-0.001052699687491184,0.0007720747604403993,0.0,4,balanced
2025-06-09,0.0028610756333510828,0.005264847203750069,0.006456846680343589,0.5,4,balanced
2025-06-10,0.0004936376482458476,-0.00023703758853038114,-0.007860604926397657,0.0,4,balanced
2025-06-11,-0.007687101385377913,-8.972309262615217e-05,0.007169940587352302,0.0,4,balanced
2025-06-12,0.005281238358852134,0.002804151200685802,0.0009737277859323304,0.0,4,balanced
2025-06-13,-0.01302977954792365,-0.005415212103989484,-0.00516575465340186,0.0,4,balanced
2025-06-16,0.0042892516572379125,0.0027658068684933775,0.00371266486511806,0.5,4,balanced
2025-06-17,-0.00649802887379585,-0.002710793315913402,-5.378367461268228e-05,0.0,4,balanced
2025-06-18,-0.0012706848953990485,-0.0009955360842696034,0.003461509294321574,0.0,4,balanced
2025-06-19,0.004715609769488738,0.002355117993383463,-0.009998657072745526,0.0,4,balanced
2025-06-20,-0.0002743847562475917,-0.0003105317599134649,-0.0013964521269841095,0.0,4,balanced
2025-06-23,-0.0036529766174171543,-0.0020406084057352698,0.0039002896853996276,0.4999999999999999,4,balanced
2025-06-24,-0.004640508403332217,-0.005217412595352104,0.012084202350639573,0.0,4,balanced
2025-06-25,0.0012954336219339227,0.0018436806175946582,0.014718765365417037,0.0,4,balanced
2025-06-26,0.0016022623841296904,0.0026148064808930688,-0.002451080518415984,0.0,4,balanced
2025-06-27,-0.0006017293149344909,-0.0018823020875726453,0.00022074537464542525,0.0,4,balanced
2025-06-30,0.0018333049393760576,0.0040665619773839565,0.007124547241318601,0.5,4,balanced
2025-07-01,-0.003450637797196356,0.0053216035813716525,0.0007283104777386035,0.0,4,balanced
2025-07-02,-0.0008084178583081804,-0.0029370586497224965,-0.000996037807151358,0.0,4,balanced
2025-07-03,0.0009899293006902007,-0.00010172414379307066,0.006100279178394828,0.0,4,balanced
2025-07-04,-0.0012734751705654988,0.0011009887840859381,0.0012663392986945873,0.0,4,balanced
2025-07-07,0.00991699633582297,-0.00031705712694434375,-0.0030124861532915665,0.41861754974356724,4,balanced
2025-07-08,-0.0036546744272804737,-0.002148047905614805,0.012082010738733382,0.0,4,balanced
2025-07-09,-0.0003746399753891472,0.0011945687165050441,-0.0035321897267556273,0.0,4,balanced
2025-07-10,-0.0042052445195733465,-0.001161014814635109,0.0034870421100031772,0.0,4,balanced
2025-07-11,0.0025209790157812986,0.0020125714634152444,0.0027460429593455155,0.0,4,balanced
2025-07-14,0.0006592102382454279,-0.005005436559357516,0.0021539744204922724,0.5,4,balanced
2025-07-15,-0.001425015442085131,0.0005319073210578622,0.0022167650531041755,0.0,4,balanced
2025-07-16,0.0019609567973871266,-0.003498387086107281,-0.001979939947980166,0.0,4,balanced
2025-07-17,0.0017746376222240881,0.002120757595850098,0.009323739993744093,0.0,4,balanced
2025-07-18,0.0017261392548521875,0.006009552268430435,0.005681354289057872,0.0,4,balanced
2025-07-21,-0.004173765083613213,0.004019556187168617,0.010364896151602394,0.4262997434991756,4,balanced
2025-07-22,0.004719005518517507,0.0010561815949511172,0.010575550250147026,0.0,4,balanced
2025-07-23,0.0009129458885426945,0.001369942438008224,-0.0018294242734260451,0.0,4,balanced
2025-07-24,0.0042094674484731654,-0.0008432316052422009,0.011557838507022406,0.0,4,balanced
2025-07-25,0.011125802181234734,0.0011402585570693055,-0.0036667264168139145,0.0,4,balanced
2025-07-28,0.002796659211335549,-0.00246751822858646,0.0017318715683800163,0.4999999999999999,4,balanced
2025-07-29,-0.0007690186059871266,0.002588492400984578,0.005408317817173932,0.0,4,balanced
2025-07-30,-0.002185972504057672,-0.0036645859385740975,-0.0006789034015193849,0.0,4,balanced
2025-07-31,0.001902168104016005,0.004392636035865977,-0.01757599686845012,0.0,4,balanced
2025-08-01,-0.003119865167445125,-0.002156049008885076,-0.003856103602133388,0.0,4,balanced
2025-08-04,-0.0026037293729234408,-9.576880180896636e-05,0.003981100307753364,0.4525510269958153,4,balanced
2025-08-05,0.003946410632144687,0.0014391456038504173,0.007426848419648096,0.0,4,balanced
2025-08-06,-0.000545687728007121,0.00021594418264943042,0.004902851058394063,0.0,4,balanced
2025-08-07,0.0025817669835269882,0.001512797162404655,0.0003451780107156275,0.0,4,balanced
2025-08-08,0.01102717317689675,0.0007824652391110026,-0.0008016512686253377,0.0,4,balanced
2025-08-11,0.0020016003660967563,-0.0028658415984719804,0.006823223767924956,0.12306456264901022,4,balanced
2025-08-12,0.006751492822460061,-0.005534230888069157,0.004369660046346182,0.0,4,balanced
2025-08-13,-0.006233630608347123,-0.0027889908667151674,0.007459115937245066,0.0,4,balanced
2025-08-14,0.009206174164864212,-8.826896868988027e-06,-0.006164746307690333,0.0,4,balanced
2025-08-15,0.008156508843753501,-0.004695510377879293,0.011885519984508092,0.0,4,balanced
2025-08-18,-0.001448388268369047,-0.0015134889551245852,0.011766196178233643,0.1457079096634466,4,balanced
2025-08-19,-9.245079306462157e-05,-0.0026405501110305482,-0.001603280353239592,0.0,4,balanced
2025-08-20,-0.00547797913118263,0.0009898494925515591,0.0136440164943444,0.0,4,balanced
2025-08-21,0.012100323107095553,-0.010150736675243962,0.002474232255086445,0.0,4,balanced
2025-08-22,0.008213351843807332,-0.0027361095895845054,0.020867848793011998,0.0,4,balanced
2025-08-25,0.0020514532613562036,0.004458044453363951,0.021333962993509096,0.46881811606585877,4,balanced
2025-08-26,0.00967064357870764,-0.0030452761535464516,-0.00012818984392928286,0.0,4,balanced
2025-08-27,0.02851281558201757,-0.013604900625537751,-0.015473870864117802,0.0,4,balanced
2025-08-28,0.010192194586486836,-0.00396195196888643,0.017962054466195105,0.0,4,balanced
2025-08-29,0.01900070429340421,-0.0028268049623484475,0.006189395328487626,0.0,4,balanced
2025-09-01,-0.03849653045727427,0.004754786347899789,0.007456890407904175,0.21389863138659343,4,balanced
2025-09-02,0.006788678248444528,-0.0014903322376351891,-0.011910439562914616,0.0,4,balanced
2025-09-03,-0.04058681710667361,0.008875587040464539,-0.01002152711556117,0.0,4,balanced
2025-09-04,0.04695200754620334,-0.0026511160019765867,-0.019811172013546076,0.0,4,balanced
2025-09-05,-0.0014973851464321064,0.006218225784828744,0.02296033987601449,0.0,5,momentum_defensive
2025-09-08,-0.012911681476645323,0.0004498881663306769,0.008198292085368906,0.05442269055675486,5,momentum_defensive
2025-09-09,0.007208105760496911,-0.0031168496819169475,-0.006776566179061458,0.0,5,momentum_defensive
2025-09-10,0.032003177137504175,-0.0033452140839366437,0.0006151436976882963,0.0,5,momentum_defensive
2025-09-11,0.008262115056654192,0.00021434440384403064,0.021895915592484244,0.0,5,momentum_defensive
2025-09-12,0.00804995303810866,0.0010160528342555298,-0.0038952854239445774,0.0,5,momentum_defensive
2025-09-15,0.010332357391540068,-0.0015302185312484895,0.0011872419255149493,0.07721760047382312,5,momentum_defensive
2025-09-16,0.00419507982425982,0.00027345278228308514,0.00011906091612987197,0.0,5,momentum_defensive
2025-09-17,0.00886749871481277,-0.005194957128531881,0.006368066409192434,0.0,5,momentum_defensive
2025-09-18,-0.0012058467792900223,0.005168414583276648,-0.011200787789160338,0.0,5,momentum_defensive
2025-09-19,0.022942446471791132,-0.008842361292174136,0.001177912406925849,0.0,5,momentum_defensive
2025-09-22,0.0008937301486021099,-0.00015815481154706214,0.004119268117271307,0.10932537273210863,5,momentum_defensive
2025-09-23,0.009485588698518056,-0.002847830593771941,-0.00266093321720521,0.0,5,momentum_defensive
2025-09-24,0.010798627446542749,-0.005386423097713277,0.010998989887860949,0.0,5,momentum_defensive
2025-09-25,-0.012748919783795226,0.010318499285341424,0.003959989870747538,0.0,5,momentum_defensive
2025-09-26,0.017002860158766876,-0.005762970188490834,-0.006499412811968649,0.0,5,momentum_defensive
2025-09-29,0.009663713289286256,-0.0016458371082264678,0.014628567038664837,0.2741168110811671,5,momentum_defensive
2025-09-30,0.00937250096433346,-0.0016759660196861228,0.007287410509119731,0.0,5,momentum_defensive
2025-10-09,-0.037230928816207244,0.010355162952725625,0.01795370477061599,0.19411107503163005,5,momentum_defensive
2025-10-10,0.003922553768759743,-0.0015800733571378087,-0.016188075710383026,0.0,5,momentum_defensive
2025-10-13,-0.037566944885364675,0.004959107191737473,-0.0021152842655837224,0.032591789791497516,5,momentum_defensive
2025-10-14,0.0018108896923817925,-0.0014946263136885363,-0.011073526923376629,0.0,5,momentum_defensive
2025-10-15,-0.01001208332702454,-0.001425629630395248,0.011799165875993717,0.0,5,momentum_defensive
2025-10-16,-0.01963278038926405,-2.1535169357805662e-05,-0.0008849539539229938,0.0,5,momentum_defensive
2025-10-17,0.001061222939414587,-0.0018876016440103058,-0.023938686033737094,0.0,5,momentum_defensive
2025-10-20,-0.0021017216659667713,-0.006159397063014056,0.004457807174331491,0.5,5,momentum_defensive
2025-10-21,-0.004726216425639556,-0.0019140365867183558,0.012413226123519167,0.0,5,momentum_defensive
2025-10-22,0.00043867514666586296,0.0032064338392708003,-0.004033699516849977,0.0,5,momentum_defensive
2025-10-23,0.0023146657704505424,-0.009254613329104303,0.0035394906566355343,0.0,5,momentum_defensive
2025-10-24,0.00228677633478149,-0.008499407716809926,0.01073990778937575,0.0,5,momentum_defensive
2025-10-27,-0.0008758863248594955,0.0002262327130893229,0.013358525265548406,0.5000000000000002,5,momentum_defensive
2025-10-28,0.005208188001982886,-0.001190343603556016,-0.005468722706773803,0.0,5,momentum_defensive
2025-10-29,0.007127810259312433,0.008096611358961081,0.015349911299721766,0.0,5,momentum_defensive
2025-10-30,0.0054712207110851575,0.012093928753136621,-0.00612510745619203,0.0,5,momentum_defensive
2025-10-31,0.005996706076351102,0.00435337578842498,-0.011372578932448396,0.0,5,momentum_defensive
2025-11-03,0.0020077768786085737,0.0030331003543866497,0.004442417111899405,0.5000000000000001,5,momentum_defensive
2025-11-04,0.00023817359880744314,0.0006027367210280915,-0.009347001634139145,0.0,5,momentum_defensive
2025-11-05,-0.007042470367072501,-0.002241467033440371,0.0016771738888223745,0.0,5,momentum_defensive
2025-11-06,0.0022541410517330795,0.0024227903247591004,0.013793586311320192,0.0,5,momentum_defensive
2025-11-07,0.008770300812018425,0.007443518853428169,-0.001172462206235142,0.0,5,momentum_defensive
2025-11-10,0.003604681208258769,0.002997917828870954,0.005777084394422405,0.5,5,momentum_defensive
2025-11-11,0.0035508623064546556,0.001675192934509501,-0.008975641086135936,0.0,5,momentum_defensive
2025-11-12,-0.007532345311014563,-0.005208184190295986,-0.004652427205834941,0.0,5,momentum_defensive
2025-11-13,0.008979309483373499,0.004677184296511127,0.010094778978882847,0.0,5,momentum_defensive
2025-11-14,-0.0002057115094447619,0.000214445081465004,-0.014601947208183898,0.0,5,momentum_defensive
2025-11-17,-0.00022768808196812682,0.00025807370154221,-0.004750968074914787,0.49999999999999994,5,momentum_defensive
2025-11-18,-0.0028106785619423673,-0.0021599603721440632,-0.007436673878838395,0.0,5,momentum_defensive
2025-11-19,0.000414525113327935,0.0001611818195635845,0.001504704367797973,0.0,5,momentum_defensive
2025-11-20,0.001410547459664906,0.00516556969497783,-0.005457674507637504,0.0,5,momentum_defensive
2025-11-21,0.0039124493013959994,0.001356803443551647,-0.02559680999648467,0.0,5,momentum_defensive
2025-11-24,-0.011649090154419436,-0.008234401117697547,0.0029611907755098745,0.5,5,momentum_defensive
2025-11-25,-0.011558968987700988,-0.00876773750995829,0.009870590947169747,0.0,5,momentum_defensive
2025-11-26,0.002115712453777394,0.0014740937711978578,0.00222490137845961,0.0,5,momentum_defensive
2025-11-27,-0.0036496071810581724,-0.002333736304614685,-0.0007230919564296631,0.0,5,momentum_defensive
2025-11-28,-0.00532813127011386,-0.004938947350739102,0.005011394595768573,0.0,5,momentum_defensive
2025-12-01,0.004556795548121667,0.001911297902817773,0.012483199279598286,0.5000000000000001,5,momentum_defensive
2025-12-02,0.0011702028520830907,0.003740501673931397,-0.006542647232193866,0.0,5,momentum_defensive
2025-12-03,-0.00609806367791235,-0.004160110144549839,-0.004741499406835847,0.0,5,momentum_defensive
2025-12-04,-0.007752406656186509,-0.00355967571248169,0.0008684187572310908,0.0,5,momentum_defensive
2025-12-05,-0.01911780023533217,-0.01113799988080852,0.008026040599528921,0.0,5,momentum_defensive
2025-12-08,-0.006014024932913764,-0.005840266380702189,0.006904055770974422,0.49999999999999983,5,momentum_defensive
2025-12-09,0.003661112426689009,0.004323882028174973,-0.006398068057767074,0.0,5,momentum_defensive
2025-12-10,0.01122100842039711,0.00440299143260195,0.0028910581182675465,0.0,5,momentum_defensive
2025-12-11,-0.006575674206790432,-0.00029187669230109237,-0.009120430512593307,0.0,5,momentum_defensive
2025-12-12,0.013194773813658387,0.006952582495874076,0.008117661088351743,0.0,5,momentum_defensive
2025-12-15,0.0050721441326966495,0.004397508654181393,-0.005372751002473209,0.3478306818356791,5,momentum_defensive
2025-12-16,-0.007613578038030028,-0.006322144772834263,-0.010683679499899611,0.0,5,momentum_defensive
2025-12-17,0.008218422243244624,0.004177353233286109,0.017769123695431537,0.0,5,momentum_defensive
2025-12-18,-5.482267433031896e-06,-0.0005891615333888671,-0.004225328678782518,0.0,5,momentum_defensive
2025-12-19,-0.009136765694345522,-0.0063956700830406455,0.0046064984085863485,0.0,5,momentum_defensive
2025-12-22,-0.0009937300120468927,-0.003520002567182975,0.009241223508690423,0.5,5,momentum_defensive
2025-12-23,-0.005373928324532983,-0.0035626254784117523,-0.0003302296682098579,0.0,5,momentum_defensive
2025-12-24,0.002002916553862361,0.0020461850335759865,0.004911291094263628,0.0,5,momentum_defensive
2025-12-25,-0.0017856634013702737,-0.001802499520150495,0.0027557216871957244,0.0,5,momentum_defensive
2025-12-26,-0.002051355589453114,-0.002365515067858872,0.004371868357677335,0.0,5,momentum_defensive
2025-12-29,-0.002687055524966715,-0.004187430520271424,-0.0028461234350537594,0.4999999999999999,5,momentum_defensive
2025-12-30,0.002931008492969264,0.002696956545681607,0.0010465651552233012,0.0,5,momentum_defensive
2025-12-31,0.0015448670255558484,-0.006719592724826597,-0.0014431460213605557,0.0,5,momentum_defensive
2026-01-05,0.0001906312557209425,-0.004175048463855359,0.0166696745832433,0.4282050427446884,5,momentum_defensive
2026-01-06,0.006492080533003885,-0.0009527624748980572,0.017749331022376105,0.0,5,momentum_defensive
2026-01-07,-0.0027081119356606896,0.0038105165824077925,-0.00034370145041546287,0.0,5,momentum_defensive
2026-01-08,0.00429995238579574,-0.004869639675563036,-0.002203150623624209,0.0,5,momentum_defensive
2026-01-09,0.0013225487550916574,-0.006230987945208468,0.00870866216083339,0.0,5,momentum_defensive
2026-01-12,-0.0008092763849880351,0.006756919716347252,0.01238932292641793,0.43572614509515395,5,momentum_defensive
2026-01-13,0.009305119167866015,-0.00357238708684941,-0.007167155781416512,0.0,5,momentum_defensive
2026-01-14,0.0034724003031153363,-0.0009668010843555129,-0.0013163306328077952,0.0,5,momentum_defensive
2026-01-15,0.00038137452504412165,-0.0033317091038168136,-0.001532385548468765,0.0,5,momentum_defensive
2026-01-16,0.009708432880282926,0.005124924099433873,-0.0029807419957299168,0.0,5,momentum_defensive
2026-01-19,-0.004505496248688565,0.0066462406758164535,0.004389724596660916,0.05594769244832101,5,momentum_defensive
2026-01-20,0.015426678863981715,-0.0071683189755364935,-0.0002765808598251159,0.0,5,momentum_defensive
2026-01-21,0.005016156716416427,5.061858647716573e-06,0.001111205247710431,0.0,5,momentum_defensive
2026-01-22,0.01651679773977576,0.005782987027057261,0.002439868322489269,0.0,5,momentum_defensive
2026-01-23,0.001495943566122876,0.0035367490191932044,0.0035926690232784097,0.0,5,momentum_defensive
2026-01-26,-9.230388453654826e-05,-0.004551721952454831,-6.582750371642872e-05,0.02263903831096914,5,momentum_defensive
2026-01-27,0.01624576461486671,-0.0032397637889829936,-0.004103660639999376,0.0,5,momentum_defensive
2026-01-28,-0.013154200918635034,0.004776597733983681,0.0021451783474210435,0.0,5,momentum_defensive
2026-01-29,-0.013883573706789675,0.0019370577659469995,0.0033763686863024444,0.0,5,momentum_defensive
2026-01-30,-0.026372280518422945,0.00417552237862692,-0.012887273691809049,0.0,5,momentum_defensive
2026-02-02,0.02262646042499483,0.004191763625867264,-0.02191253296255597,0.39969337395101684,5,momentum_defensive
2026-02-03,-0.005149963064969052,0.0022440687643747867,0.016566331984805657,0.0,5,momentum_defensive
2026-02-04,-0.007575662412522418,0.007344116040557277,0.009826960974295341,0.0,5,momentum_defensive
2026-02-05,0.00023340860589523822,0.000227838485144611,-0.007683091712639269,0.0,5,momentum_defensive
2026-02-06,0.005655491186404963,-0.004015023638470059,-0.0035166672843426126,0.0,5,momentum_defensive
2026-02-09,0.0006551573230689648,-0.0006834874252745068,0.015076578990275341,0.5000000000000001,5,momentum_defensive
2026-02-10,0.002569181935587592,0.0017790859845191846,0.002332253646737248,0.0,5,momentum_defensive
2026-02-11,0.0019781572991665343,-0.005922303705522186,-0.0003442483159522224,0.0,5,momentum_defensive
2026-02-12,-0.00023133094005369165,0.0016987562276445066,0.0026174480426175762,0.0,5,momentum_defensive
2026-02-13,0.0030861646648977573,-0.002290675719284266,-0.011524479430844586,0.0,5,momentum_defensive
2026-02-24,-0.0032766038591287303,-0.005554950298868671,0.01065441068384873,0.5,5,momentum_defensive
2026-02-25,-0.0049365512030036815,-0.005636276619732807,0.0063746136658532765,0.0,5,momentum_defensive
2026-02-26,0.006374987457970491,0.0036308881566681343,0.002195550970506023,0.0,5,momentum_defensive
2026-02-27,-0.014112778954819213,-0.008296572068076031,0.0023476598368422355,0.0,5,momentum_defensive
2026-03-02,-0.009251659105004938,0.007110994955464043,0.0021956015444926035,0.4999999999999999,5,momentum_defensive
2026-03-03,0.002269342730820121,-0.0025133352678341253,-0.017850695275718777,0.0,5,momentum_defensive
2026-03-04,-0.0019061007651193424,-0.0016470602811090467,-0.009352744007917805,0.0,5,momentum_defensive
2026-03-05,0.005368094322826107,0.0075031538266310815,0.008538565011999583,0.0,5,momentum_defensive
2026-03-06,-0.0013805939458602357,-0.0012092016720136943,0.006390741872688126,0.0,5,momentum_defensive
2026-03-09,-0.0034506191575930777,5.779046460119955e-05,-0.008582039074993641,0.4999999999999999,5,momentum_defensive
2026-03-10,0.0021873590464095657,0.0019752333357228777,0.010686617095514696,0.0,5,momentum_defensive
2026-03-11,0.006563551752500051,0.004411979624814115,0.005913626982054288,0.0,5,momentum_defensive
2026-03-12,-0.00529261021123043,0.0008932667818231278,-0.001287301352074024,0.0,5,momentum_defensive
2026-03-13,-0.0077156311486453605,-0.0009646654980008473,-0.0073916841117507796,0.0,5,momentum_defensive
2026-03-16,-0.01642947781808756,0.0035791763413967103,-0.0035865172041351684,0.5,5,momentum_defensive
2026-03-17,0.005519410118688429,-0.003404936963865975,-0.010045591508105805,0.0,5,momentum_defensive
2026-03-18,0.006120669770063132,0.0023481895400276165,0.003629715342178934,0.0,5,momentum_defensive
2026-03-19,0.0017363880207365706,-0.0009799562068291846,-0.01787836089552065,0.0,5,momentum_defensive
