date,ticker,open,high,low,close,volume,amount,market_cap
2022-04-20,688072,43.19,47.72,40.05,41.96,20563290.0,1962506053.0,1098124795.88
2022-04-21,688072,43.19,50.46,42.59,46.19,12289617.0,1264254924.0,1208827081.07
2022-04-22,688072,46.83,48.19,43.82,44.62,6816946.0,691788835.0,1167738998.86
2022-04-25,688072,43.24,45.0,40.69,40.79,6279137.0,591506083.0,1067505014.87
2022-04-26,688072,41.14,43.89,41.14,41.9,4310771.0,404029896.0,1096554550.7
2022-04-27,688072,41.83,50.28,41.15,50.28,3984596.0,400717835.0,1315865460.84
2022-04-28,688072,50.69,53.78,47.76,52.51,4527780.0,503893618.0,1374226240.03
2022-04-29,688072,52.73,55.01,50.83,54.23,2750298.0,319478853.0,1419239935.1899998
2022-05-05,688072,53.42,53.42,48.86,50.4,4954077.0,555272219.0,1319005951.2
2022-05-06,688072,48.42,53.56,48.29,49.67,2674166.0,299259682.0,1299901301.51
2022-05-09,688072,49.17,51.62,48.43,50.06,2795245.0,307787330.0,1310107895.18
2022-05-10,688072,49.09,59.97,48.75,57.28,3864609.0,469350859.0,1499060731.84
2022-05-11,688072,57.59,59.5,55.24,58.19,3688534.0,467585002.0,1522876117.07
2022-05-12,688072,57.24,65.92,56.32,58.88,3934615.0,522658885.0,1540933936.64
2022-05-13,688072,60.34,62.6,58.53,59.83,2445433.0,323373517.0,1565796151.99
2022-05-16,688072,60.97,63.32,59.33,60.71,2616900.0,353597077.0,1588826414.63
2022-05-17,688072,61.05,64.1,60.92,62.82,2593453.0,358040386.0,1644046703.46
2022-05-18,688072,63.59,65.87,61.16,64.1,2269889.0,318918891.0,1677545267.3
2022-05-19,688072,62.75,65.6,61.88,63.19,2223891.0,310840925.0,1653729882.07
2022-05-20,688072,62.51,66.32,62.08,65.48,1698441.0,239059336.0,1713660906.44
2022-05-23,688072,65.53,70.47,65.5,67.82,1636473.0,244959890.0,1774900468.4599998
2022-05-24,688072,67.45,68.28,62.74,63.19,2162609.0,312313739.0,1653729882.07
2022-05-25,688072,63.64,65.79,62.62,63.64,1741835.0,245568702.0,1665506720.92
2022-05-26,688072,63.65,65.28,60.01,64.83,2233734.0,307963655.0,1696649916.99
2022-05-27,688072,65.01,66.14,62.74,64.47,1426573.0,201255232.0,1687228445.91
2022-05-30,688072,63.65,65.59,63.19,64.56,1080454.0,153044370.0,1689583813.68
2022-05-31,688072,64.44,67.24,64.1,66.64,1155085.0,167046370.0,1744018979.92
2022-06-01,688072,66.64,72.1,66.38,68.2,1549949.0,234925604.0,1784845354.6000001
2022-06-02,688072,68.29,74.24,66.43,73.61,2072763.0,323037469.0,1926429128.33
2022-06-06,688072,74.11,74.83,69.79,72.13,2242666.0,356034867.0,1887696413.8899999
2022-06-07,688072,71.39,73.68,69.93,73.2,1426971.0,225101994.0,1915699119.6000001
2022-06-08,688072,73.78,74.51,67.74,70.17,2189665.0,339951167.0,1836401738.01
2022-06-09,688072,70.15,70.48,66.27,67.23,1445799.0,215633065.0,1759459724.19
2022-06-10,688072,66.49,70.25,66.38,69.16,1266857.0,192588798.0,1809969277.48
2022-06-13,688072,68.2,68.9,64.64,67.79,2356948.0,346379128.0,1774115345.8700001
2022-06-14,688072,66.42,67.17,64.01,65.51,1986774.0,285240345.0,1714446029.0300002
2022-06-15,688072,65.79,70.83,65.46,68.89,1647022.0,248658829.0,1802903174.17
2022-06-16,688072,68.89,73.2,68.2,70.38,1275170.0,199663800.0,1841897596.1399999
2022-06-17,688072,69.1,71.84,68.64,69.99,1029975.0,158533729.0,1831691002.4699998
2022-06-20,688072,69.33,70.42,67.55,68.51,1215424.0,184597921.0,1792958288.0300002
2022-06-21,688072,68.64,72.1,67.51,70.01,1081226.0,165851408.0,1832214417.5300002
2022-06-22,688072,70.47,70.79,66.88,67.54,974303.0,146214531.0,1767572657.6200001
2022-06-23,688072,67.52,72.97,67.52,72.74,1295312.0,203291720.0,1903660573.2199998
2022-06-24,688072,71.77,73.46,69.87,70.15,1130908.0,176983406.0,1835878322.95
2022-06-27,688072,71.35,71.68,67.83,68.65,1513800.0,231225386.0,1796622193.45
2022-06-28,688072,68.96,71.29,67.74,70.52,1339076.0,203420899.0,1845561501.56
2022-06-29,688072,70.42,70.68,66.85,67.51,1220534.0,183867849.0,1766787535.0300002
2022-06-30,688072,66.38,70.73,66.38,70.51,903365.0,137812047.0,1883241225.0300002
2022-07-01,688072,70.13,75.01,70.01,71.1,1415108.0,225540499.0,1898999448.3
2022-07-04,688072,71.34,71.38,66.83,67.91,1444348.0,216389878.0,1813798207.23
2022-07-05,688072,68.1,68.45,64.54,67.06,1703045.0,248080211.0,1791095682.18
2022-07-06,688072,66.47,80.02,66.47,77.7,2841500.0,473405104.0,2075277878.1000001
2022-07-07,688072,79.11,80.24,76.38,80.24,1289868.0,222470305.0,2143118364.7199998
2022-07-08,688072,78.88,83.19,78.65,79.83,1400380.0,249428557.0,2132167734.99
2022-07-11,688072,79.57,84.1,77.94,83.29,1204902.0,215250361.0,2224580366.3700004
2022-07-12,688072,83.29,88.1,80.94,82.29,1641730.0,303306730.0,2197871513.3700004
2022-07-13,688072,81.02,82.59,77.77,80.02,1437823.0,251024124.0,2137242417.06
2022-07-14,688072,78.21,82.52,77.52,80.73,1008292.0,179022574.0,2156205702.69
2022-07-15,688072,79.76,91.9,79.76,90.93,2316032.0,447905268.0,2428636003.29
2022-07-18,688072,89.23,90.93,87.47,88.02,1010466.0,197054677.0,2350913241.06
2022-07-19,688072,87.7,89.78,85.24,85.97,795911.0,152321567.0,2296160092.41
2022-07-20,688072,86.84,91.55,86.74,89.51,872996.0,171883107.0,2390709432.03
2022-07-21,688072,88.31,96.23,87.74,91.38,1409069.0,289297200.0,2440654987.14
2022-07-22,688072,93.11,93.65,89.61,91.84,705500.0,142031894.0,2452941059.52
2022-07-25,688072,92.49,94.89,90.02,91.65,499580.0,100422614.0,2447866377.4500003
2022-07-26,688072,91.19,92.06,89.34,91.54,442512.0,88126553.0,2444928403.6200004
2022-07-27,688072,91.54,94.41,89.61,93.91,618195.0,125497902.0,2508228385.23
2022-07-28,688072,94.11,99.43,92.97,97.53,837822.0,177041808.0,2604914433.09
2022-07-29,688072,97.56,98.84,94.34,96.79,579606.0,122022446.0,2585149881.8700004
2022-08-01,688072,95.93,105.47,95.27,104.48,1213857.0,272780526.0,2790540961.44
2022-08-02,688072,102.29,108.64,102.29,107.29,1116231.0,261202382.0,2865592838.3700004
2022-08-03,688072,109.02,115.47,105.79,109.06,1365918.0,332833152.0,2912867508.18
2022-08-04,688072,108.43,112.75,107.77,111.5,672860.0,162430245.0,2978037109.5
2022-08-05,688072,112.52,122.23,110.02,120.06,1062434.0,273484747.0,3206664891.18
2022-08-08,688072,121.53,121.53,104.63,116.61,1372471.0,342540283.0,3114519348.33
2022-08-09,688072,113.2,118.21,110.02,118.02,781673.0,194541442.0,3152178831.06
2022-08-10,688072,114.2,128.61,114.2,124.85,982064.0,267232055.0,3334600297.0499997
2022-08-11,688072,125.02,130.71,124.85,125.25,898973.0,250717504.0,3345283838.25
2022-08-12,688072,125.48,126.16,119.61,121.13,806441.0,218930898.0,3235243363.89
2022-08-15,688072,119.98,125.02,119.98,123.81,465288.0,125641473.0,3306823089.93
2022-08-16,688072,123.95,129.57,121.43,122.36,810247.0,220867373.0,3268095253.08
2022-08-17,688072,121.84,123.61,117.84,122.69,907915.0,240371552.0,3276909174.57
2022-08-18,688072,120.45,130.93,120.45,126.17,670937.0,187865595.0,3369855983.01
2022-08-19,688072,126.44,129.18,115.31,115.52,1123934.0,296461408.0,3085406698.56
2022-08-22,688072,114.94,122.76,114.94,119.11,715985.0,189737497.0,3181291480.83
2022-08-23,688072,119.37,121.16,115.93,116.66,614745.0,159018119.0,3115854790.98
2022-08-24,688072,117.57,117.8,106.06,107.97,1549465.0,373095094.0,2883754858.41
2022-08-25,688072,109.01,111.25,104.57,105.02,807477.0,190415515.0,2804963742.06
2022-08-26,688072,105.61,107.95,102.82,103.52,499780.0,115899723.0,2764900462.56
2022-08-29,688072,111.94,124.22,111.39,124.22,878144.0,232204637.0,3317773719.66
2022-08-30,688072,129.74,130.02,120.48,126.62,1447526.0,402411025.0,3381874966.86
2022-08-31,688072,126.44,126.62,116.65,117.69,1155201.0,304940089.0,3143364909.57
2022-09-01,688072,119.16,125.34,118.21,119.56,1227662.0,326156350.0,3193310464.68
2022-09-02,688072,118.82,125.02,117.78,120.08,1083938.0,291418600.0,3207199068.24
2022-09-05,688072,116.61,126.84,112.45,125.23,1459381.0,390177741.0,3344749661.19
2022-09-06,688072,123.41,126.84,122.5,124.67,704599.0,194041869.0,3329792703.51
2022-09-07,688072,125.43,134.07,124.67,131.75,1393796.0,405643111.0,3518891382.75
2022-09-08,688072,130.61,138.9,130.03,136.39,1120484.0,331891868.0,3642820460.6699996
2022-09-09,688072,136.34,142.7,133.21,137.3,1194207.0,362846223.0,3667125516.9
2022-09-13,688072,137.14,142.73,135.94,138.0,693428.0,211975269.0,3685821714.0
2022-09-14,688072,137.3,147.4,136.39,147.3,1060238.0,334651832.0,3934214046.9
2022-09-15,688072,146.84,146.85,140.22,145.58,1019328.0,320535293.0,3888274819.7400002
2022-09-16,688072,143.62,146.4,138.0,142.27,795671.0,250191897.0,3799868516.3100004
2022-09-19,688072,141.0,148.67,139.8,140.94,857229.0,269774057.0,3764345741.82
2022-09-20,688072,141.22,142.48,138.0,139.75,670182.0,205953801.0,3732562206.75
2022-09-21,688072,139.12,142.07,134.57,137.12,833882.0,253367716.0,3662317923.36
2022-09-22,688072,135.48,141.75,134.25,138.4,780866.0,238509887.0,3696505255.2000003
2022-09-23,688072,138.24,140.88,133.44,136.81,655015.0,196721862.0,3654038178.93
2022-09-26,688072,136.39,140.02,132.56,138.55,964821.0,288497486.0,3700511583.15
2022-09-27,688072,137.55,148.13,137.55,143.26,965836.0,305753767.0,3826310280.7799997
2022-09-28,688072,141.82,143.84,132.87,138.87,896550.0,269885434.0,3709058416.11
2022-09-29,688072,138.08,142.76,134.74,141.92,516325.0,158501304.0,3790520417.7599998
2022-09-30,688072,140.31,141.64,134.89,135.71,540766.0,163006087.0,3624658440.63
2022-10-10,688072,130.93,130.93,109.11,111.84,2756205.0,698711264.0,2987118119.52
2022-10-11,688072,112.98,113.25,90.47,93.46,3641539.0,800184072.0,2496209401.3799996
2022-10-12,688072,91.43,104.71,87.88,101.41,3447098.0,723430472.0,2708544782.73
2022-10-13,688072,99.6,109.11,97.75,105.27,2012813.0,464899617.0,2811640955.31
2022-10-14,688072,107.56,107.75,95.7,102.04,1886503.0,419483778.0,2725371360.1200004
2022-10-17,688072,101.83,117.69,100.67,111.89,1994225.0,479173050.0,2988453562.17
2022-10-18,688072,111.84,114.57,108.2,108.59,1250942.0,306568559.0,2900314347.27
2022-10-19,688072,108.18,114.09,107.75,108.09,1170115.0,284707340.0,2886959920.77
2022-10-20,688072,106.38,129.71,103.66,124.06,4387814.0,1149968763.0,3489600867.92
2022-10-21,688072,120.78,127.16,108.2,118.44,3107074.0,773384976.0,3331519642.08
2022-10-24,688072,117.1,126.15,116.6,121.16,1941453.0,516128283.0,3408028705.12
2022-10-25,688072,120.84,124.43,118.66,120.35,1033557.0,275859870.0,3385244756.2
2022-10-26,688072,118.93,124.22,116.84,120.56,1281682.0,342016652.0,3391151705.92
2022-10-27,688072,119.47,124.8,117.1,119.21,1330701.0,352624659.0,3353178457.72
2022-10-28,688072,117.75,128.89,116.84,122.73,1501360.0,412948888.0,3452190186.36
2022-10-31,688072,123.66,130.38,122.15,124.06,1131300.0,312053510.0,3489600867.92
2022-11-01,688072,122.73,126.69,119.57,123.66,1185549.0,319265177.0,3478349535.12
2022-11-02,688072,123.56,129.12,122.3,127.75,1429597.0,400304462.0,3593394413.0
2022-11-03,688072,126.83,132.93,125.48,130.26,1153284.0,329781808.0,3663996526.3199997
2022-11-04,688072,129.14,130.23,119.6,125.23,2444873.0,662650419.0,3522511016.36
2022-11-07,688072,121.84,125.54,118.66,118.77,1943052.0,514410627.0,3340801991.64
2022-11-08,688072,117.58,121.68,116.75,120.59,1039039.0,272589442.0,3391995555.88
2022-11-09,688072,119.59,121.84,114.09,114.09,1246888.0,321548800.0,3209161397.88
2022-11-10,688072,112.75,117.51,104.34,105.23,2774561.0,660851311.0,2959944376.36
2022-11-11,688072,112.52,115.93,109.14,109.9,1698400.0,420301761.0,3091303686.8
2022-11-14,688072,106.84,108.63,103.21,104.11,1710220.0,396502055.0,2928440644.52
2022-11-15,688072,105.9,115.02,103.2,110.37,2027612.0,494688097.0,3104524002.84
2022-11-16,688072,110.93,113.63,106.41,107.48,1076373.0,259868457.0,3023233123.36
2022-11-17,688072,107.98,110.24,101.92,108.88,1376896.0,319294805.0,3062612788.16
2022-11-18,688072,108.66,109.51,104.11,104.24,1106205.0,258654783.0,2932097327.68
2022-11-21,688072,104.17,108.19,103.88,106.0,940241.0,219266945.0,2981603192.0
2022-11-22,688072,106.01,106.01,101.22,101.68,1076488.0,242585726.0,2860088797.76
2022-11-23,688072,99.49,104.46,98.05,104.46,1719122.0,385643154.0,2938285560.72
2022-11-24,688072,103.66,108.63,102.52,106.48,1488114.0,345937606.0,2995104791.36
2022-11-25,688072,105.76,109.82,100.73,102.38,2460018.0,564279349.0,2879778630.16
2022-11-28,688072,98.66,105.02,98.43,98.65,2111179.0,467367323.0,2774859951.8
2022-11-29,688072,98.72,99.36,95.0,95.3,1934666.0,410118263.0,2680630039.6
2022-11-30,688072,95.17,97.46,94.51,95.94,1096107.0,231304044.0,2698632172.08
2022-12-01,688072,98.25,101.93,96.43,99.69,1477567.0,324233113.0,2804113417.08
2022-12-02,688072,100.02,103.12,98.66,101.16,1141696.0,252945346.0,2845462065.12
2022-12-05,688072,103.2,103.5,97.52,102.02,1285732.0,282242728.0,2869652430.64
2022-12-06,688072,100.93,111.38,100.03,108.25,2258289.0,537977632.0,3044891939.0
2022-12-07,688072,107.09,108.88,104.05,107.46,1528304.0,358924021.0,3022670556.72
2022-12-08,688072,106.43,107.25,102.29,103.25,1349178.0,309577221.0,2904250279.0
2022-12-09,688072,103.65,115.82,103.52,109.11,2202073.0,533058335.0,3069082304.52
2022-12-12,688072,109.11,115.93,108.74,112.48,1529456.0,376890245.0,3163874783.36
2022-12-13,688072,112.49,112.49,107.57,107.7,1129205.0,272026678.0,3029421356.4
2022-12-14,688072,116.39,125.02,110.02,112.02,3003965.0,758244647.0,3150935750.64
2022-12-15,688072,112.93,114.99,106.84,109.51,1803580.0,440441671.0,3080333637.32
2022-12-16,688072,109.11,109.11,104.61,106.87,1314001.0,308065018.0,3006074840.84
2022-12-19,688072,105.02,108.13,101.38,102.36,1214397.0,277437794.0,2879216063.52
2022-12-20,688072,100.83,104.76,99.51,100.18,783748.0,174834950.0,2817896299.76
2022-12-21,688072,100.19,101.29,94.7,97.27,1058050.0,225107215.0,2736042853.64
2022-12-22,688072,97.4,98.76,95.04,96.36,647510.0,137870977.0,2710446071.52
2022-12-23,688072,95.27,96.32,89.07,90.55,1469474.0,294495850.0,2547020462.6
2022-12-26,688072,91.08,95.74,90.38,95.11,1168045.0,242256356.0,2675285656.52
2022-12-27,688072,94.56,99.77,94.16,98.88,885052.0,188953613.0,2781329468.16
2022-12-28,688072,98.65,101.15,96.57,100.83,901358.0,196706154.0,2836179715.56
2022-12-29,688072,100.02,101.03,97.46,99.69,697353.0,152775163.0,2804113417.08
2022-12-30,688072,100.7,101.73,96.66,98.54,779317.0,168876687.0,2771765835.28
2023-01-03,688072,97.29,102.07,96.48,101.61,1189303.0,260434198.0,2886641741.5200005
2023-01-04,688072,103.05,106.83,94.51,95.84,1904140.0,409431508.0,2722721626.8800006
2023-01-05,688072,95.02,95.72,92.11,93.46,2525483.0,521252045.0,2655108130.7200003
2023-01-06,688072,93.26,95.93,91.93,94.57,1184734.0,246270121.0,2686642156.2400002
2023-01-09,688072,95.24,99.11,93.65,97.76,1128053.0,240387364.0,2777266968.3200006
2023-01-10,688072,97.92,100.17,95.7,99.52,1179773.0,257700138.0,2827266864.6400003
2023-01-11,688072,100.93,106.83,100.02,101.02,2041160.0,466305952.0,2869880412.6400003
2023-01-12,688072,100.93,102.01,96.99,100.01,1129555.0,246594423.0,2841187290.3200006
2023-01-13,688072,99.81,104.57,98.53,102.1,1011564.0,226612251.0,2900562167.2000003
2023-01-16,688072,100.25,110.46,100.14,109.02,1686640.0,396441848.0,3097152668.6400003
2023-01-17,688072,108.78,117.3,108.78,116.34,1915813.0,484491614.0,3305106782.8800006
2023-01-18,688072,117.25,118.08,113.96,114.52,835080.0,211924448.0,3253402344.6400003
2023-01-19,688072,114.78,121.65,113.66,121.16,1044045.0,273078870.0,3442038317.1200004
2023-01-20,688072,120.47,121.61,116.45,117.66,970900.0,253166414.0,3342606705.1200004
2023-01-30,688072,118.8,119.57,110.66,113.84,1752035.0,439124671.0,3234084202.8800006
2023-01-31,688072,113.89,115.02,106.61,106.83,1700483.0,407090171.0,3034936888.5600004
2023-02-01,688072,106.95,111.77,106.95,108.95,1182862.0,283774749.0,3095164036.4000006
2023-02-02,688072,110.01,117.13,108.96,113.41,1517953.0,378073772.0,3221868319.1200004
2023-02-03,688072,113.2,114.72,110.52,111.82,720414.0,177873682.0,3176697958.2400002
2023-02-06,688072,111.14,114.18,109.2,110.66,840571.0,205565774.0,3143743481.1200004
2023-02-07,688072,110.29,112.75,106.68,107.75,1180885.0,282687808.0,3061073198.0000005
2023-02-08,688072,108.08,110.48,106.16,106.84,737446.0,175117552.0,3035220978.8800006
2023-02-09,688072,105.02,112.6,104.62,111.64,989558.0,239078303.0,3171584332.4800005
2023-02-10,688072,110.31,114.52,109.57,113.47,984238.0,244016055.0,3223572861.0400004
2023-02-13,688072,113.1,120.48,110.48,119.4,1415741.0,364658598.0,3392038420.8000007
2023-02-14,688072,118.83,121.75,115.48,117.75,853074.0,221656356.0,3345163518.0000005
2023-02-15,688072,118.21,128.89,118.21,126.39,1372671.0,374231799.0,3590617554.4800005
2023-02-16,688072,125.41,131.39,122.75,124.11,1212955.0,340189994.0,3525844961.5200005
2023-02-17,688072,122.87,125.23,118.21,118.3,993375.0,262878082.0,3360788485.6000004
2023-02-20,688072,117.7,119.84,116.24,119.31,744631.0,193777153.0,3389481607.9200006
2023-02-21,688072,118.44,123.22,118.44,122.81,822461.0,219247151.0,3488913219.9200006
2023-02-22,688072,122.55,130.03,120.09,126.68,962440.0,268864064.0,3598856173.7600007
2023-02-23,688072,125.61,125.84,118.21,119.27,1341837.0,357212444.0,3388345246.6400003
2023-02-24,688072,119.57,121.16,117.3,119.11,734481.0,192752687.0,3383799801.5200005
2023-02-27,688072,121.39,124.12,117.94,118.39,1128514.0,298991264.0,3363345298.4800005
2023-02-28,688072,118.66,119.79,114.93,116.8,839889.0,215802359.0,3318174937.6000004
2023-03-01,688072,116.39,117.98,112.75,116.97,943144.0,239872883.0,3323004473.0400004
2023-03-02,688072,117.28,121.84,116.5,119.53,830444.0,217566973.0,3395731594.9600005
2023-03-03,688072,122.3,127.42,118.77,122.43,1881185.0,512611102.0,3478117787.7600007
2023-03-06,688072,123.98,131.75,120.81,131.28,1620165.0,454925483.0,3729537720.9600005
2023-03-07,688072,128.99,131.2,124.75,125.42,959922.0,269796850.0,3563060793.4400005
2023-03-08,688072,125.48,131.39,125.42,127.39,1174360.0,331241197.0,3619026586.4800005
2023-03-09,688072,127.86,138.21,127.78,133.89,1443498.0,423343101.0,3803685294.48
2023-03-10,688072,131.84,142.3,129.82,138.1,1445341.0,435162212.0,3923287319.2000003
2023-03-13,688072,136.49,140.94,135.03,140.32,967147.0,294222141.0,3986355370.2400002
2023-03-14,688072,140.19,147.7,137.9,144.3,1470170.0,461977497.0,4099423317.600001
2023-03-15,688072,144.12,144.3,134.66,138.21,2154080.0,657224055.0,3926412312.7200007
2023-03-16,688072,136.56,137.8,130.08,130.72,2044258.0,599661091.0,3713628663.0400004
2023-03-17,688072,132.12,135.48,131.12,133.5,1705268.0,500407597.0,3792605772.0000005
2023-03-20,688072,132.31,135.25,127.3,130.08,1744645.0,503211784.0,3695446882.560001
2023-03-21,688072,129.9,132.75,127.76,131.86,1135863.0,326120726.0,3746014959.520001
2023-03-22,688072,131.88,132.75,124.8,126.52,1790302.0,502170341.0,3594310728.6400003
2023-03-23,688072,125.93,127.69,122.75,125.71,1599056.0,439438579.0,3571299412.7200003
2023-03-24,688072,125.48,125.48,119.62,120.48,1659178.0,444165478.0,3422720175.3600006
2023-03-27,688072,120.52,122.3,116.78,119.51,1440757.0,377919379.0,3395163414.3200006
2023-03-28,688072,119.11,119.51,114.57,114.93,1196745.0,306649979.0,3265050047.7600007
2023-03-29,688072,115.84,131.02,115.77,126.82,2506291.0,679897093.0,3602833438.2400002
2023-03-30,688072,126.39,128.93,124.57,125.02,1078168.0,300139225.0,3551697180.6400003
2023-03-31,688072,125.03,129.12,122.81,128.18,1214829.0,339258548.0,3641469721.7600007
2023-04-03,688072,130.12,140.85,129.03,140.38,2495628.0,738135485.0,3988059912.1600003
2023-04-04,688072,139.94,145.03,134.66,136.39,2414868.0,740625392.0,3874707874.48
2023-04-06,688072,135.41,162.3,134.57,154.46,3522054.0,1147332837.0,4388059082.720001
2023-04-07,688072,155.16,172.74,154.93,172.53,2735937.0,990874755.0,4901410290.960001
2023-04-10,688072,173.21,173.98,156.84,160.49,2991711.0,1074255704.0,4559365545.680001
2023-04-11,688072,161.77,162.76,147.76,154.85,2934654.0,995618576.0,4399138605.200001
2023-04-12,688072,152.47,154.59,147.76,149.6,2833192.0,940719205.0,4249991187.2000003
2023-04-13,688072,148.57,163.21,147.7,163.15,3448328.0,1186987380.0,4634933570.800001
2023-04-14,688072,161.82,195.78,161.82,195.78,3836375.0,1523301927.0,5561920284.960001
2023-04-17,688072,198.22,222.77,196.4,203.68,3772172.0,1714935622.0,5786351637.760001
2023-04-18,688072,204.59,204.59,189.43,197.31,3473361.0,1489501916.0,5605386103.920001
2023-04-19,688072,195.49,216.8,195.04,206.91,3377285.0,1531431501.0,5878112811.120001
2023-04-20,688072,204.91,219.13,197.77,200.08,5083378.0,2309335670.0,13818057212.880001
2023-04-21,688072,199.13,206.22,185.5,185.95,5877936.0,2510700603.0,12842201812.949999
2023-04-24,688072,182.27,191.76,178.22,184.59,4233971.0,1727938352.0,12748276593.99
2023-04-25,688072,187.35,190.95,179.13,180.95,3365268.0,1370681396.0,12496888507.949999
2023-04-26,688072,178.79,181.84,168.72,176.95,3063875.0,1190371753.0,12220637863.949999
2023-04-27,688072,175.24,192.16,173.22,180.94,2993281.0,1209675098.0,12496197881.34
2023-04-28,688072,182.08,188.97,177.3,187.53,2677437.0,1088826584.0,12951320817.33
2023-05-04,688072,181.85,187.48,175.94,185.49,2686864.0,1078341786.0,12810432988.890001
2023-05-05,688072,182.54,191.05,177.76,178.22,2139451.0,871760452.0,12308347443.42
2023-05-08,688072,177.69,187.8,173.22,182.31,2195646.0,882664002.0,12590813726.91
2023-05-09,688072,180.49,183.67,170.4,170.49,2453800.0,941809787.0,11774493073.890001
2023-05-10,688072,170.49,171.85,162.14,165.81,2347823.0,853581252.0,11451279820.41
2023-05-11,688072,171.85,178.22,168.34,172.09,2070793.0,787063349.0,11884993331.49
2023-05-12,688072,175.94,186.67,171.67,173.22,2766151.0,1082467548.0,11963034138.42
2023-05-15,688072,171.71,182.75,169.68,179.13,2372679.0,926613307.0,12371194464.93
2023-05-16,688072,179.13,189.58,175.04,187.71,3012985.0,1227787698.0,12963752096.310001
2023-05-17,688072,187.17,195.49,183.69,186.85,2304545.0,957174865.0,12904358207.85
2023-05-18,688072,185.49,193.17,184.58,187.66,1328163.0,550401281.0,12960298963.26
2023-05-19,688072,188.45,192.62,182.9,186.85,1357738.0,556967661.0,12904358207.85
2023-05-22,688072,186.88,189.18,179.13,182.31,1205000.0,484459420.0,12590813726.91
2023-05-23,688072,181.35,181.4,174.24,175.94,1122899.0,437708158.0,12150884576.34
2023-05-24,688072,177.51,183.9,172.31,178.15,1598680.0,628773725.0,12303513057.15
2023-05-25,688072,176.55,179.49,174.26,178.63,1037851.0,404348167.0,12336663134.43
2023-05-26,688072,180.13,187.2,177.81,185.14,1637337.0,663554864.0,12786261057.539999
2023-05-29,688072,189.77,193.22,184.37,189.95,1790445.0,748017911.0,13118452456.949999
2023-05-30,688072,188.68,191.86,186.85,191.61,1189148.0,495773459.0,13233096474.210001
2023-05-31,688072,193.07,195.9,181.85,187.22,1895750.0,790405661.0,12929911392.42
2023-06-01,688072,185.48,189.15,179.64,187.56,1655961.0,673334889.0,12953392697.16
2023-06-02,688072,186.4,195.49,184.64,190.13,1586145.0,670049794.0,13130883735.93
2023-06-05,688072,200.04,210.04,196.41,198.89,2774184.0,1241603960.0,13735872646.289999
2023-06-06,688072,195.49,202.06,192.08,194.13,1954132.0,845774575.0,13407134379.93
2023-06-07,688072,195.95,197.77,187.55,188.65,1606093.0,673846478.0,13028670997.65
2023-06-08,688072,188.2,194.47,184.73,188.81,1532229.0,638040277.0,13039721023.41
2023-06-09,688072,188.22,195.49,185.95,195.49,2188648.0,912793895.0,13501059598.890001
2023-06-12,688072,191.86,195.49,187.95,190.49,1864783.0,784524634.0,13155746293.890001
2023-06-13,688072,192.08,194.93,188.26,193.92,1719379.0,722225337.0,13392631221.119999
2023-06-14,688072,192.94,203.9,191.85,198.72,1630515.0,716820333.0,13724131993.92
2023-06-15,688072,200.04,203.45,189.13,190.95,1552511.0,663084691.0,13187515117.949999
2023-06-16,688072,190.83,197.31,190.08,194.58,1202306.0,513545105.0,13438212577.380001
2023-06-19,688072,195.04,197.46,187.58,190.38,1385119.0,580030881.0,13148149401.18
2023-06-20,688072,190.39,191.85,186.93,187.4,1108749.0,460114703.0,12942342671.4
2023-06-21,688072,187.77,188.31,179.97,183.39,1379263.0,554802208.0,12665401400.789999
2023-06-26,688072,181.76,190.04,178.67,185.82,1336833.0,541818224.0,12833223667.02
2023-06-27,688072,183.48,190.94,180.47,183.1,862893.0,349606336.0,12645373229.1
2023-06-28,688072,183.67,196.71,183.1,188.21,2062459.0,862527029.0,12998283426.810001
2023-06-29,688072,186.85,192.77,184.18,187.31,1054240.0,436185957.0,12936127031.91
2023-06-30,688072,187.03,194.04,184.81,193.66,1326406.0,556968802.0,13488159689.26
2023-07-03,688072,195.49,199.99,189.86,190.95,1216497.0,520338948.0,13299411817.949999
2023-07-04,688072,191.45,191.86,183.45,185.94,1503815.0,613906358.0,12950472026.34
2023-07-05,688072,185.49,185.49,159.12,162.76,4868373.0,1798781394.0,11336016064.359999
2023-07-06,688072,160.03,161.29,155.73,159.67,2316538.0,810057211.0,11120801701.869999
2023-07-07,688072,157.88,161.35,155.26,157.74,1584705.0,552145242.0,10986379786.140001
2023-07-10,688072,159.65,163.55,156.94,157.99,1170763.0,411762508.0,11003791951.390001
2023-07-11,688072,158.52,159.44,155.55,155.89,1209571.0,417581447.0,10857529763.289999
2023-07-12,688072,155.89,156.0,141.85,150.07,3995078.0,1307599916.0,10452174556.27
2023-07-13,688072,150.96,157.75,150.03,151.94,2036822.0,690107793.0,10582417552.34
2023-07-14,688072,156.49,156.49,149.39,150.73,1065110.0,354034662.0,10498142672.529999
2023-07-17,688072,151.38,152.3,144.72,147.31,1763533.0,571957019.0,10259944251.91
2023-07-18,688072,146.99,151.78,145.48,148.3,1358714.0,445103298.0,10328896426.300001
2023-07-19,688072,147.36,148.12,143.01,144.8,1558072.0,495242318.0,10085126112.800001
2023-07-20,688072,144.99,146.34,142.45,144.03,1069860.0,340313714.0,10031496643.83
2023-07-21,688072,143.21,145.38,141.19,143.46,958928.0,301523627.0,9991796907.060001
2023-07-24,688072,144.69,144.69,140.18,141.87,1028165.0,319397907.0,9881055536.07
2023-07-25,688072,143.78,144.19,138.58,142.65,1666988.0,516838594.0,9935381491.65
2023-07-26,688072,142.17,152.42,141.44,146.55,2643708.0,864546489.0,10207011269.550001
2023-07-27,688072,145.56,148.95,144.19,146.42,1206445.0,390139846.0,10197956943.619999
2023-07-28,688072,146.16,150.83,143.78,144.69,1436762.0,462766947.0,10077464760.09
2023-07-31,688072,141.57,151.75,141.51,150.19,1818481.0,595652767.0,10460532395.59
2023-08-01,688072,150.56,152.41,146.4,151.9,1300915.0,428619150.0,10579631605.9
2023-08-02,688072,150.56,160.75,150.19,158.73,1620681.0,560542454.0,11055331960.529999
2023-08-03,688072,158.33,159.32,153.38,155.39,1048755.0,359104134.0,10822705432.789999
2023-08-04,688072,155.73,156.07,150.73,155.48,887340.0,299669309.0,10828973812.279999
2023-08-07,688072,157.49,157.49,151.34,154.25,821338.0,277506042.0,10743305959.25
2023-08-08,688072,154.48,156.95,152.0,153.02,719048.0,244380886.0,10657638106.220001
2023-08-09,688072,154.07,154.07,148.79,150.11,794833.0,261711079.0,10454960502.710001
2023-08-10,688072,150.61,156.06,150.11,154.53,1451961.0,491979145.0,10762807584.33
2023-08-11,688072,154.75,156.07,151.0,154.29,1147552.0,388783118.0,10746091905.689999
2023-08-14,688072,151.88,151.98,147.42,149.65,910397.0,298620341.0,10422922118.65
2023-08-15,688072,150.67,150.67,143.78,147.37,1125781.0,361810052.0,10264123171.57
2023-08-16,688072,149.21,151.29,144.77,145.03,788439.0,256034236.0,10101145304.83
2023-08-17,688072,143.94,149.24,142.59,147.87,735722.0,237746374.0,10298947502.07
2023-08-18,688072,148.67,152.76,146.31,150.58,924817.0,306229115.0,10487695373.380001
2023-08-21,688072,149.24,149.24,143.06,143.73,1006555.0,321031855.0,10010602045.529999
2023-08-22,688072,144.69,147.88,140.43,146.89,1029501.0,325854135.0,10230691814.289999
2023-08-23,688072,145.61,148.1,142.42,143.06,787867.0,251063957.0,9963937442.66
2023-08-24,688072,144.65,151.97,142.43,150.35,1091987.0,356315074.0,10471676181.35
2023-08-25,688072,148.33,153.16,147.22,151.17,1049109.0,348342858.0,10528788083.369999
2023-08-28,688072,160.16,163.8,142.42,147.02,1924134.0,630803001.0,10239746140.220001
2023-08-29,688072,142.19,156.3,130.12,154.37,2225039.0,701400572.0,10751663798.57
2023-08-30,688072,154.26,163.26,154.26,157.66,2346937.0,821979061.0,10980807893.26
2023-08-31,688072,156.04,168.35,153.12,166.64,3022956.0,1088044751.0,11606252869.039999
2023-09-01,688072,171.99,182.0,167.47,168.36,2702513.0,1040332031.0,11726048565.960001
2023-09-04,688072,168.35,169.26,154.03,158.34,3117853.0,1086421348.0,11028168982.74
2023-09-05,688072,157.43,164.03,157.28,161.07,2086030.0,739126644.0,11218309827.27
2023-09-06,688072,163.34,168.1,158.57,167.5,2112360.0,764597571.0,11666150717.5
2023-09-07,688072,165.26,166.08,157.42,160.16,2074812.0,729331196.0,11154929545.76
2023-09-08,688072,157.73,161.53,154.75,161.07,2084616.0,727064615.0,11218309827.27
2023-09-11,688072,160.62,162.87,155.22,157.62,1851437.0,647692145.0,10978021946.82
2023-09-12,688072,156.52,158.33,153.34,153.57,1017256.0,347530488.0,10695944869.77
2023-09-13,688072,152.67,154.68,150.37,153.79,912100.0,305591988.0,10711267575.189999
2023-09-14,688072,153.14,154.5,148.29,149.13,979135.0,323407754.0,10386704814.93
2023-09-15,688072,150.52,151.37,143.78,151.37,1459674.0,474281511.0,10542717815.57
2023-09-18,688072,147.88,149.71,143.52,144.4,1232169.0,394685275.0,10057266648.4
2023-09-19,688072,144.69,145.97,140.31,144.93,1255263.0,393865538.0,10094180438.73
2023-09-20,688072,144.23,144.27,140.66,141.05,832709.0,260085468.0,9823943634.050001
2023-09-21,688072,140.36,142.58,139.01,141.6,843714.0,261750361.0,9862250397.6
2023-09-22,688072,141.74,147.88,139.69,147.27,1287141.0,407768190.0,10257158305.470001
2023-09-25,688072,146.06,147.74,142.69,145.15,958478.0,305783239.0,10109503144.15
2023-09-26,688072,144.69,148.12,143.56,145.74,569095.0,182690117.0,10150595854.140001
2023-09-27,688072,145.5,146.52,143.46,144.56,766605.0,244607441.0,10068410434.16
2023-09-28,688072,144.56,160.41,142.78,160.41,2093672.0,478371133.0,16535065687.38
2023-10-09,688072,158.4,160.39,155.65,159.29,1256487.0,295697906.0,16419616067.22
2023-10-10,688072,160.83,167.68,160.27,160.74,1898414.0,460957145.0,16569082093.320002
2023-10-11,688072,160.29,165.31,158.35,162.96,1529890.0,370769138.0,16797919733.28
2023-10-12,688072,164.31,178.45,164.31,174.52,2873154.0,730611191.0,17989524741.36
2023-10-13,688072,174.3,177.03,170.83,171.68,2296224.0,591978713.0,17696777490.24
2023-10-16,688072,171.23,172.89,163.5,168.08,2198719.0,545467027.0,17325689425.440002
2023-10-17,688072,168.6,174.89,165.81,173.07,1876825.0,478092974.0,17840058715.26
2023-10-18,688072,175.22,178.07,168.76,171.96,1813458.0,466424607.0,17725639895.280003
2023-10-19,688072,170.37,174.92,169.27,171.64,1572158.0,402257579.0,17692654289.52
2023-10-20,688072,170.67,173.61,165.36,166.57,1962765.0,492693022.0,17170038598.26
2023-10-23,688072,167.0,167.68,160.72,162.97,1278532.0,309993623.0,16798950533.46
2023-10-24,688072,164.95,173.06,162.23,170.37,2223585.0,558520951.0,17561742666.66
2023-10-25,688072,171.75,172.27,163.62,164.13,1838512.0,452644180.0,16918523354.34
2023-10-26,688072,163.57,168.07,162.06,165.66,1670278.0,410705163.0,17076235781.88
2023-10-27,688072,166.99,170.05,163.34,166.0,1646554.0,407461322.0,17111282988.0
2023-10-30,688072,169.69,172.85,163.64,168.21,2637282.0,660046449.0,17339089827.780003
2023-10-31,688072,175.09,178.31,164.99,169.75,2011388.0,507290951.0,17497833055.5
2023-11-01,688072,167.6,171.36,165.67,167.32,1416928.0,352629233.0,17247348611.76
2023-11-02,688072,167.01,168.26,157.07,157.2,2220324.0,528482544.0,16204178829.599998
2023-11-03,688072,158.59,162.07,157.11,160.14,1599624.0,379773295.0,16507234082.519999
2023-11-06,688072,161.14,162.26,154.39,157.57,2430854.0,570233282.0,16242318436.26
2023-11-07,688072,157.57,158.6,153.73,156.57,2004926.0,464990650.0,16139238418.26
2023-11-08,688072,156.23,170.82,154.89,169.33,3599897.0,884619004.0,17454539447.940002
2023-11-09,688072,169.36,169.62,164.78,165.74,2021689.0,501447246.0,17084482183.320002
2023-11-10,688072,168.25,172.21,164.39,168.6,2627380.0,659209265.0,17379291034.8
2023-11-13,688072,171.76,171.96,165.66,167.09,1746785.0,434910190.0,17223640207.62
2023-11-14,688072,165.59,172.63,163.81,172.27,2105850.0,531658884.0,17757594700.86
2023-11-15,688072,172.27,173.74,167.07,167.51,1654448.0,416621722.0,17266933815.18
2023-11-16,688072,166.27,167.34,161.69,164.08,1348316.0,327783762.0,16913369353.44
2023-11-17,688072,164.33,168.49,163.59,167.26,1205737.0,297635226.0,17241163810.68
2023-11-20,688072,168.35,168.68,163.41,163.43,1454225.0,356944813.0,16846367341.74
2023-11-21,688072,163.31,165.32,159.77,159.77,978461.0,235119197.0,16469094475.86
2023-11-22,688072,159.6,162.7,158.93,158.99,1077425.0,257046812.0,16388692061.820002
2023-11-23,688072,158.99,164.88,158.99,162.12,1386746.0,334398782.0,16711332518.16
2023-11-24,688072,161.63,164.57,157.48,157.9,1271446.0,302851508.0,16276334842.2
2023-11-27,688072,158.23,168.35,157.48,167.69,2352135.0,577387072.0,17285488218.42
2023-11-28,688072,167.69,171.72,166.6,170.98,1959493.0,495057032.0,17624621477.64
2023-11-29,688072,171.07,177.7,169.69,173.53,1984373.0,513939906.0,17887475523.54
2023-11-30,688072,172.53,180.13,171.64,180.13,1427708.0,370920376.0,18567803642.34
2023-12-01,688072,177.1,177.1,169.71,173.65,1768003.0,454258101.0,17899845125.7
2023-12-04,688072,172.8,175.89,170.87,174.41,1305320.0,338077821.0,17978185939.38
2023-12-05,688072,174.41,175.11,170.86,173.94,1334280.0,343068589.0,17929738330.92
2023-12-06,688072,173.33,179.78,173.07,177.71,1553970.0,408703208.0,18318349998.780003
2023-12-07,688072,177.65,179.46,165.07,169.55,2851404.0,722538260.0,17477217051.9
2023-12-08,688072,169.7,180.93,169.54,175.75,3955525.0,1030394812.0,18116313163.5
2023-12-11,688072,176.02,181.66,175.13,179.13,1575180.0,416897205.0,18464723624.34
2023-12-12,688072,177.78,179.46,172.8,173.58,1271377.0,330114392.0,17892629524.440002
2023-12-13,688072,173.0,174.92,170.68,170.68,1022488.0,262700410.0,17593697472.24
2023-12-14,688072,171.71,172.73,163.04,167.13,1441078.0,355986620.0,17227763408.34
2023-12-15,688072,166.91,168.1,162.97,163.77,1431753.0,350387514.0,16881414547.86
2023-12-18,688072,165.32,165.39,161.92,162.33,1094208.0,265552291.0,16732979321.94
2023-12-19,688072,162.33,164.99,160.56,164.58,1174240.0,284025780.0,16964909362.44
2023-12-20,688072,164.87,164.87,160.95,162.22,1139495.0,274822591.0,16721640519.96
2023-12-21,688072,163.98,164.14,161.08,162.9,1048895.0,253138307.0,16791734932.2
2023-12-22,688072,162.76,162.97,158.93,160.47,1219254.0,290661817.0,16541250488.46
2023-12-25,688072,160.27,161.58,153.88,156.35,1263028.0,293777795.0,16116560814.3
2023-12-26,688072,155.81,157.17,152.53,152.97,887438.0,203144140.0,15768150353.46
2023-12-27,688072,153.22,162.31,151.52,161.4,1635296.0,387303257.0,16637114905.2
2023-12-28,688072,161.62,161.62,158.25,159.39,1598672.0,379687850.0,16429924069.019999
2023-12-29,688072,159.39,160.84,152.75,155.76,2234955.0,514096420.0,16055743603.679998
2024-01-02,688072,153.54,153.54,143.83,149.44,2270305.0,500073034.0,15404277889.92
2024-01-03,688072,148.15,150.76,144.11,148.29,1459259.0,319243519.0,15285735869.22
2024-01-04,688072,147.34,150.55,146.47,147.81,1284396.0,283981480.0,15384013509.93
2024-01-05,688072,147.49,149.48,145.01,145.79,1029584.0,224821701.0,15173772610.869999
2024-01-08,688072,144.32,144.78,136.06,139.13,2108157.0,435564646.0,14480602121.89
2024-01-09,688072,140.0,142.02,134.14,135.09,1649524.0,335027026.0,14060120323.77
2024-01-10,688072,134.62,136.03,131.44,133.15,1082257.0,215369633.0,13858205796.95
2024-01-11,688072,133.13,136.03,132.63,134.74,1157926.0,230999913.0,14023692445.220001
2024-01-12,688072,135.13,139.06,133.4,133.4,1314065.0,265728778.0,13884225710.2
2024-01-15,688072,134.35,135.35,129.16,129.89,2005756.0,391157250.0,13518906128.169998
2024-01-16,688072,129.97,134.27,128.63,131.32,1639437.0,319445935.0,13667740031.96
2024-01-17,688072,131.45,131.71,125.27,125.39,1635444.0,310160024.0,13050547689.67
2024-01-18,688072,124.61,125.93,119.8,123.71,2515207.0,455984584.0,12875693872.63
2024-01-19,688072,125.17,127.61,122.56,125.03,2214231.0,412976776.0,13013079014.59
2024-01-22,688072,124.47,125.79,115.4,116.53,2227078.0,396809010.0,12128401964.09
2024-01-23,688072,119.87,120.52,111.42,115.69,4076568.0,694032707.0,12040975055.57
2024-01-24,688072,117.83,118.94,113.4,116.22,2664186.0,457751321.0,12096137271.66
2024-01-25,688072,116.22,123.77,116.22,122.56,3414603.0,610402937.0,12756002271.68
2024-01-26,688072,121.96,121.96,116.54,116.71,2191939.0,386367405.0,12147136301.63
2024-01-29,688072,117.85,121.01,113.81,114.19,1824798.0,315161071.0,11884855576.07
2024-01-30,688072,114.11,116.7,110.1,110.86,1838894.0,308818448.0,11538270331.58
2024-01-31,688072,111.72,114.25,108.08,109.77,2140936.0,354971545.0,11424823509.81
2024-02-01,688072,109.9,115.81,108.39,112.39,2882199.0,481212914.0,11697512200.67
2024-02-02,688072,113.11,113.59,104.39,107.52,2553817.0,414477513.0,11190644290.56
2024-02-05,688072,107.42,109.57,98.66,105.05,2916204.0,450382258.0,10933567547.65
2024-02-06,688072,105.73,119.06,103.7,118.71,3332857.0,556032170.0,12355295607.63
2024-02-07,688072,119.3,125.7,117.06,122.89,3928124.0,709992058.0,12790348557.17
2024-02-08,688072,125.26,134.1,122.56,128.11,2913362.0,561572828.0,13333644345.830002
2024-02-19,688072,128.62,128.62,123.04,126.46,2737780.0,512505906.0,13161912918.38
2024-02-20,688072,125.26,127.26,122.57,124.6,1656600.0,305391068.0,12827903055.8
2024-02-21,688072,123.23,130.09,121.52,125.93,1961881.0,368733334.0,12964830110.890001
2024-02-22,688072,126.15,128.39,124.77,127.61,1771275.0,333527896.0,13137790601.53
2024-02-23,688072,127.68,129.08,123.3,125.38,2196197.0,407933134.0,12908206140.74
2024-02-26,688072,124.87,129.89,124.12,127.28,2088807.0,394595303.0,13103816219.44
2024-02-27,688072,127.69,133.67,126.6,133.6,2365348.0,460580744.0,13754477112.8
2024-02-28,688072,134.68,137.09,128.08,128.2,2444259.0,481250011.0,13198532678.599998
2024-02-29,688072,130.64,144.77,130.07,143.77,4217153.0,871833527.0,14801505797.210001
2024-03-01,688072,146.13,146.47,138.28,141.28,2980352.0,622801744.0,14545153641.44
2024-03-04,688072,142.09,142.76,138.39,140.82,2412431.0,503246655.0,14497795411.859999
2024-03-05,688072,140.41,142.74,137.79,139.4,2333064.0,485384769.0,14351602616.2
2024-03-06,688072,139.26,139.27,134.41,137.67,2318166.0,470645693.0,14173494491.909998
2024-03-07,688072,138.72,142.43,136.71,136.71,2019970.0,417695445.0,14074659925.83
2024-03-08,688072,136.71,140.13,135.19,137.3,2527183.0,519420801.0,14135402002.900002
2024-03-11,688072,135.36,139.35,134.01,138.8,1613637.0,329695547.0,14289831012.400002
2024-03-12,688072,138.79,143.48,137.71,140.39,2138162.0,446613777.0,14453525762.47
2024-03-13,688072,141.4,143.44,138.43,138.43,1806569.0,378669873.0,14251738523.390001
2024-03-14,688072,136.79,139.26,134.68,135.46,1569892.0,318854536.0,13945969084.58
2024-03-15,688072,136.03,138.04,134.49,137.57,1496765.0,303360766.0,14163199224.609999
2024-03-18,688072,137.71,141.28,135.69,140.04,2012560.0,412535246.0,14417492326.92
2024-03-19,688072,140.0,141.81,138.43,138.83,1597291.0,332305909.0,14292919592.590002
2024-03-20,688072,137.39,139.73,137.11,138.63,1139510.0,234248329.0,14272329057.99
2024-03-21,688072,142.63,145.87,140.96,141.42,2087879.0,442682750.0,14559567015.659998
2024-03-22,688072,142.76,149.65,141.42,145.79,2661026.0,577412565.0,15009470196.67
2024-03-25,688072,146.72,148.15,140.12,141.44,2479279.0,529370956.0,14561626069.119999
2024-03-26,688072,140.13,143.61,135.41,135.59,1876747.0,384907964.0,13959352932.07
2024-03-27,688072,135.36,136.7,129.3,129.3,1502697.0,294925892.0,13311780618.900002
2024-03-28,688072,128.62,130.4,124.93,126.02,2784659.0,526253659.0,12974095851.46
2024-03-29,688072,126.06,128.02,122.67,126.95,2155977.0,402014212.0,13069841837.35
2024-04-01,688072,127.62,129.07,124.31,125.19,1906429.0,356266084.0,12888645132.869999
2024-04-02,688072,125.19,125.19,120.27,121.11,2234284.0,404268851.0,12468598227.03
2024-04-03,688072,120.61,124.45,119.62,121.79,1987900.0,360996916.0,12538606044.67
2024-04-08,688072,124.58,127.28,120.74,120.75,1818379.0,335402348.0,12431535264.75
2024-04-09,688072,119.87,122.29,119.19,121.89,1137807.0,204237389.0,12548901311.97
2024-04-10,688072,120.54,121.91,117.55,117.65,1225692.0,216291486.0,12112381978.45
2024-04-11,688072,117.11,119.53,115.24,115.56,1554773.0,270516061.0,11897210891.880001
2024-04-12,688072,115.15,117.11,113.81,115.15,1285096.0,220661954.0,11855000295.95
2024-04-15,688072,116.49,125.73,116.48,124.56,2924996.0,531050938.0,12823784948.880001
2024-04-16,688072,122.56,125.66,119.2,119.81,1879908.0,340527511.0,12334759752.130001
2024-04-17,688072,121.21,125.59,118.51,125.44,2343022.0,426463918.0,12914383301.119999
2024-04-18,688072,123.94,125.22,121.96,122.16,1658183.0,304098957.0,12576698533.68
2024-04-19,688072,119.87,122.09,114.0,114.92,2062396.0,356450992.0,11831321181.16
2024-04-22,688072,112.33,119.58,110.3,117.44,1746149.0,301304819.0,12223130772.48
2024-04-23,688072,118.08,121.21,115.97,120.27,1521410.0,268069362.0,12517676583.84
2024-04-24,688072,120.66,125.67,119.99,123.44,1603782.0,294612187.0,12847609524.48
2024-04-25,688072,122.22,124.43,121.73,122.88,1101586.0,201925087.0,12789324840.96
2024-04-26,688072,123.93,124.57,121.27,123.81,2068669.0,378076155.0,12886119047.52
2024-04-29,688072,122.56,131.27,121.89,129.89,2468559.0,469335256.0,13518924182.88
2024-04-30,688072,127.15,127.95,120.07,122.34,5119568.0,942670131.0,12733121753.28
2024-05-06,688072,125.26,125.83,122.31,123.12,2103621.0,386138857.0,12814303991.04
2024-05-07,688072,122.09,125.23,121.92,122.47,1387124.0,253235879.0,12746652126.24
2024-05-08,688072,123.17,123.42,114.16,115.85,2486550.0,432903436.0,12057643903.199999
2024-05-09,688072,115.83,123.56,115.81,121.26,3131257.0,558455344.0,12620715577.92
2024-05-10,688072,122.22,122.92,116.08,118.11,2693971.0,471355156.0,12292864233.12
2024-05-13,688072,116.16,117.83,112.6,113.32,2335251.0,399169949.0,11794322029.439999
2024-05-14,688072,114.14,115.83,111.86,113.54,1279392.0,215680777.0,11817219583.68
2024-05-15,688072,112.59,119.87,111.4,118.18,2375828.0,413680783.0,12300149818.560001
2024-05-16,688072,118.06,120.46,117.18,118.1,1421746.0,250563623.0,12291823435.199999
2024-05-17,688072,117.17,122.29,116.87,122.18,1618875.0,288294268.0,12716468986.560001
2024-05-20,688072,121.59,123.75,119.43,120.9,1215686.0,218750935.0,12583246852.800001
2024-05-21,688072,120.53,125.59,120.06,124.93,2071701.0,381006672.0,13002688414.560001
2024-05-22,688072,125.24,125.58,122.13,124.0,1314337.0,240668143.0,12905894208.0
2024-05-23,688072,124.59,127.19,123.31,126.33,2169327.0,405987410.0,13148400123.36
2024-05-24,688072,125.85,126.34,122.22,122.85,1237500.0,228534246.0,12786202447.199999
2024-05-27,688072,122.49,131.25,118.55,128.96,2735170.0,508812477.0,13422129976.320002
2024-05-28,688072,128.89,130.97,126.27,126.33,1916716.0,365505344.0,13148400123.36
2024-05-29,688072,126.53,126.98,123.24,123.75,1210701.0,224169351.0,12879874260.0
2024-05-30,688072,123.15,128.51,122.57,126.43,1810543.0,340319415.0,13158808102.560001
2024-05-31,688072,127.21,129.07,124.02,124.76,1504399.0,281717829.0,12984994849.92
2024-06-03,688072,123.77,129.97,123.77,129.77,2200538.0,419425352.0,13506434607.84
2024-06-04,688072,129.3,131.79,127.98,130.18,1546079.0,298228601.0,13549107322.560001
2024-06-05,688072,129.97,133.77,129.71,132.06,2011040.0,396113856.0,13744777331.52
2024-06-06,688072,132.18,137.96,132.18,134.84,2157148.0,435409922.0,14034119153.28
2024-06-07,688072,134.66,140.0,133.69,137.44,1575571.0,320924297.0,14304726612.48
2024-06-11,688072,136.83,145.65,136.83,144.26,3732744.0,532413408.0,22193004130.42
2024-06-12,688072,143.38,145.64,139.87,141.55,3542141.0,505603557.0,21776096871.350002
2024-06-13,688072,142.65,145.53,141.76,144.43,3107355.0,448093810.0,22219156984.31
2024-06-14,688072,143.16,143.16,137.95,138.59,4754172.0,665654936.0,21320729533.03
2024-06-17,688072,137.67,141.25,135.69,139.71,2536622.0,353861663.0,21493030688.07
2024-06-18,688072,140.39,140.65,135.38,136.01,2523386.0,348226467.0,20923821515.17
2024-06-19,688072,136.17,139.17,133.76,138.05,2238380.0,306756263.0,21237655761.850002
2024-06-20,688072,136.67,144.1,136.67,139.92,2798165.0,395767077.0,21525337154.64
2024-06-21,688072,137.47,140.17,134.97,139.07,1686823.0,233532533.0,21394572885.19
2024-06-24,688072,137.67,138.55,130.69,131.29,3290438.0,442959673.0,20197695218.93
2024-06-25,688072,132.37,132.37,125.54,126.99,2891222.0,370538612.0,19536181855.829998
2024-06-26,688072,128.08,129.69,125.65,128.69,1885703.0,240977755.0,19797710394.73
2024-06-27,688072,128.26,129.15,125.1,125.68,1356397.0,172487598.0,19334651040.56
2024-06-28,688072,125.68,126.5,117.9,119.82,5068192.0,614696291.0,18433146782.94
2024-07-01,688072,119.71,120.42,116.4,118.52,2187509.0,259503227.0,18233154370.84
2024-07-02,688072,118.72,119.9,116.2,116.31,2023834.0,238949994.0,17893167270.27
2024-07-03,688072,115.72,122.21,115.16,121.71,3034543.0,364487674.0,18723904982.07
2024-07-04,688072,122.21,123.01,117.51,117.99,1711918.0,205086059.0,18151619002.829998
2024-07-05,688072,116.72,117.72,114.33,117.21,1873905.0,218171533.0,18031623555.57
2024-07-08,688072,117.76,118.9,110.74,111.65,3343389.0,381510829.0,17176271393.050001
2024-07-09,688072,111.38,115.51,109.98,114.55,2846247.0,323438971.0,17622408312.35
2024-07-10,688072,113.53,118.59,113.0,114.41,2768868.0,321245876.0,17600870667.97
2024-07-11,688072,117.05,117.32,111.13,114.75,3159749.0,362710429.0,17653176375.75
2024-07-12,688072,113.73,117.66,112.74,116.87,2660693.0,307419128.0,17979317847.79
2024-07-15,688072,117.72,124.7,117.72,123.7,4059952.0,496890564.0,19030047212.9
2024-07-16,688072,122.56,125.69,121.68,124.8,2786009.0,345598366.0,19199271561.6
2024-07-17,688072,124.8,129.69,122.83,127.35,3510306.0,447748027.0,19591564369.95
2024-07-18,688072,127.83,133.26,125.21,131.24,4164465.0,539551260.0,20190003203.08
2024-07-19,688072,131.19,135.56,129.39,132.94,4214509.0,562698354.0,20451531741.98
2024-07-22,688072,132.95,138.06,130.69,132.66,3747467.0,501191020.0,20408456453.22
2024-07-23,688072,131.96,132.23,123.59,123.7,3411652.0,434707887.0,19030047212.9
2024-07-24,688072,123.21,124.5,120.21,121.01,1943207.0,237178303.0,18616216760.170002
2024-07-25,688072,118.96,122.31,118.96,121.07,1689061.0,204353960.0,18625447179.19
2024-07-26,688072,120.63,127.6,119.91,125.7,2291999.0,285435162.0,19337727846.9
2024-07-29,688072,125.6,127.46,121.83,122.11,1664159.0,207102601.0,18785441108.87
2024-07-30,688072,122.11,125.57,120.25,122.89,1858117.0,229098027.0,18905436556.13
2024-07-31,688072,122.71,127.98,120.73,127.7,2847977.0,356393424.0,19645408480.9
2024-08-01,688072,128.21,137.15,128.21,133.5,4183240.0,557383880.0,20537682319.5
2024-08-02,688072,132.18,136.63,130.29,131.49,3236400.0,433058533.0,20228463282.33
2024-08-05,688072,129.63,134.68,126.56,129.74,3583030.0,468501863.0,19959242727.58
2024-08-06,688072,129.89,133.61,129.69,133.06,2862666.0,379023751.0,20469992580.02
2024-08-07,688072,131.34,135.18,131.29,132.09,2011368.0,269781012.0,20320767472.53
2024-08-08,688072,131.19,138.57,129.29,136.26,2905264.0,393510003.0,20962281594.42
2024-08-09,688072,137.27,138.26,131.29,131.69,2695447.0,360488298.0,20259231345.73
2024-08-12,688072,131.49,132.37,129.69,131.09,1106527.0,145715421.0,20166927155.53
2024-08-13,688072,131.57,132.24,128.69,131.8,1476050.0,192853013.0,20276153780.600002
2024-08-14,688072,131.69,132.18,124.7,124.7,2569991.0,327065562.0,19183887529.9
2024-08-15,688072,124.69,127.59,122.46,125.4,2125345.0,266325516.0,19291575751.8
2024-08-16,688072,124.91,127.6,124.3,125.72,1106304.0,139894282.0,19340804653.24
2024-08-19,688072,125.87,127.86,124.12,124.69,1275490.0,160245723.0,19182349126.73
2024-08-20,688072,125.58,125.58,119.66,120.59,2085287.0,252839953.0,18551603827.03
2024-08-21,688072,120.33,121.58,119.39,120.53,1233507.0,148860758.0,18542373408.01
2024-08-22,688072,120.73,120.97,117.72,119.01,1497174.0,178702674.0,18308536126.170002
2024-08-23,688072,119.59,119.59,113.28,116.72,2304900.0,267608839.0,17956241800.24
2024-08-26,688072,116.72,121.21,115.72,119.22,1964183.0,235167259.0,18340842592.74
2024-08-27,688072,119.16,123.71,119.15,122.71,1803590.0,221089163.0,18877745299.07
2024-08-28,688072,121.71,125.3,121.71,122.71,1675125.0,207772375.0,18877745299.07
2024-08-29,688072,122.71,125.7,121.73,124.38,1530703.0,190086592.0,19134658628.46
2024-08-30,688072,124.73,129.19,123.85,128.09,2617645.0,333559873.0,19705406204.53
2024-09-02,688072,127.59,127.97,120.39,120.67,1433292.0,177575183.0,18563911052.39
2024-09-03,688072,120.68,123.21,120.2,121.02,946756.0,115568812.0,18617755163.34
2024-09-04,688072,119.71,124.6,117.72,122.71,1214179.0,148519532.0,18877745299.07
2024-09-05,688072,123.21,124.6,122.36,124.25,875254.0,108363505.0,19114659387.25
2024-09-06,688072,124.64,124.64,118.1,118.52,1349206.0,162253284.0,18233154370.84
2024-09-09,688072,118.72,120.44,117.07,118.13,713888.0,84530583.0,18173156647.21
2024-09-10,688072,118.6,120.54,117.51,120.21,1010791.0,120796291.0,18493144506.57
2024-09-11,688072,120.05,122.15,119.28,120.53,1065410.0,128947703.0,18542373408.01
2024-09-12,688072,120.28,121.71,117.23,117.23,1138788.0,135516474.0,18034700361.91
2024-09-13,688072,117.69,118.31,113.74,116.26,1840662.0,213579303.0,17885475254.420002
2024-09-18,688072,116.66,116.67,112.73,113.56,1296049.0,147907268.0,17470106398.52
2024-09-19,688072,113.81,115.52,110.8,114.33,1532580.0,174629372.0,17588563442.61
2024-09-20,688072,114.23,114.72,108.74,110.54,2206994.0,244980538.0,17005508641.18
2024-09-23,688072,110.72,110.72,103.03,103.2,3580035.0,378699566.0,15876320714.4
2024-09-24,688072,104.3,108.21,101.16,107.24,3461211.0,362833365.0,16497835595.08
2024-09-25,688072,109.44,110.85,104.93,105.55,3175588.0,344096980.0,16237845459.35
2024-09-26,688072,105.75,110.34,104.32,110.34,2534975.0,273426233.0,16974740577.78
2024-09-27,688072,113.23,121.09,112.28,120.96,2382510.0,277310020.0,18608524744.32
2024-09-30,688072,128.87,143.66,126.8,143.66,6802888.0,915705416.0,22100699940.22
2024-10-08,688072,172.39,172.39,159.62,172.39,9783695.0,1662437475.0,26520532247.629997
2024-10-09,688072,166.6,187.75,160.37,167.3,11955788.0,2063094748.0,25737485034.100002
2024-10-10,688072,168.6,168.6,149.42,151.14,7547228.0,1180896915.0,23251425511.379997
2024-10-11,688072,149.64,152.4,137.57,139.45,5036620.0,719305275.0,21453032205.649998
2024-10-14,688072,140.42,147.4,135.69,142.96,4983820.0,707476724.0,21993011718.32
2024-10-15,688072,144.44,150.64,141.83,142.71,4884750.0,715061640.0,21954551639.07
2024-10-16,688072,133.24,142.31,133.24,138.71,2887421.0,401865700.0,21339190371.07
2024-10-17,688072,140.66,142.32,137.35,137.4,2939644.0,410697519.0,21137659555.8
2024-10-18,688072,138.17,159.52,135.71,153.48,8050633.0,1185507986.0,23611411853.16
2024-10-21,688072,156.53,169.57,150.69,153.49,12189626.0,1949607192.0,23612950256.33
2024-10-22,688072,152.34,152.34,145.85,148.37,6774175.0,1011371507.0,22825287833.29
2024-10-23,688072,146.65,157.32,145.77,154.12,6470015.0,988192430.0,23709869656.04
2024-10-24,688072,151.6,160.57,149.64,155.63,6142311.0,963022897.0,23942168534.71
2024-10-25,688072,156.42,166.1,156.42,160.88,5837753.0,941967471.0,24749830198.96
2024-10-28,688072,160.88,163.51,153.46,156.83,5421156.0,858620638.0,24126776915.11
2024-10-29,688072,153.66,159.05,151.84,152.56,6299682.0,979629307.0,23469878761.52
2024-10-30,688072,151.08,154.41,148.77,151.18,4659883.0,707955613.0,23257579124.06
2024-10-31,688072,151.14,163.23,149.83,160.62,6472344.0,1021109920.0,24709831716.54
2024-11-01,688072,159.7,164.19,154.55,154.74,4939843.0,790202034.0,23805250652.58
2024-11-04,688072,153.77,169.85,153.23,167.5,7466480.0,1233346815.0,25768253097.5
2024-11-05,688072,167.5,176.18,165.7,168.61,7211987.0,1230180000.0,25939015849.370003
2024-11-06,688072,168.6,184.35,166.78,176.78,7594671.0,1334369667.0,27195891239.26
2024-11-07,688072,175.08,179.57,171.47,177.18,5153616.0,906807804.0,27257427366.06
2024-11-08,688072,182.07,206.11,180.67,188.33,8905988.0,1707546858.0,28972746900.61
2024-11-11,688072,197.02,215.86,194.71,211.94,12449055.0,2568807352.0,32604916784.98
2024-11-12,688072,207.82,211.69,197.34,199.52,8709907.0,1788586061.0,30694220047.84
2024-11-13,688072,199.52,216.0,196.89,206.4,6986737.0,1450301271.0,31752641428.8
2024-11-14,688072,203.37,215.49,202.69,205.01,5719143.0,1194405166.0,31538803388.17
2024-11-15,688072,204.51,204.51,179.57,183.56,8440623.0,1602052221.0,28238928588.52
2024-11-18,688072,181.57,193.52,178.19,186.53,6158317.0,1152577767.0,28695834330.01
2024-11-19,688072,185.41,191.12,177.58,188.03,5625902.0,1040831676.0,28926594805.51
2024-11-20,688072,186.55,189.45,184.56,187.41,3157301.0,592466458.0,28831213808.97
2024-11-21,688072,188.55,198.2,187.41,193.85,4770944.0,927413214.0,29821945450.45
2024-11-22,688072,192.54,199.64,189.55,189.65,4093292.0,799738748.0,29175816119.05
2024-11-25,688072,190.6,197.91,186.55,191.4,4341654.0,836740193.0,29445036673.8
2024-11-26,688072,190.49,194.53,188.57,189.45,2902716.0,557334218.0,29145048055.649998
2024-11-27,688072,186.75,191.54,178.17,189.68,4430183.0,818438034.0,29180431328.56
2024-11-28,688072,190.55,199.42,188.56,195.13,4901098.0,958170092.0,30018861056.21
2024-11-29,688072,193.84,204.46,193.34,198.84,4039427.0,806459699.0,30589608632.28
2024-12-02,688072,199.16,200.52,195.04,197.53,3433075.0,679103034.0,30388077817.01
2024-12-03,688072,199.02,202.19,184.84,189.46,5030689.0,964397469.0,29146586458.82
2024-12-04,688072,192.57,193.23,184.51,186.65,3470147.0,654110998.0,28714295168.05
2024-12-05,688072,183.71,185.54,179.07,183.36,4431051.0,808693061.0,28208160525.120003
2024-12-06,688072,183.56,187.53,181.59,183.58,3838711.0,710380764.0,28242005394.86
2024-12-09,688072,182.78,184.56,178.21,180.53,3084781.0,559603338.0,27772792428.01
2024-12-10,688072,188.55,190.35,179.09,179.72,3492738.0,644854882.0,27648181771.24
2024-12-11,688072,180.56,180.57,173.88,174.73,3765081.0,664623124.0,26880518589.41
2024-12-12,688072,174.48,175.65,172.36,173.3,3554492.0,618216377.0,26660526936.100002
2024-12-13,688072,171.59,174.19,168.6,171.09,5777188.0,993210349.0,26320539835.53
2024-12-16,688072,169.6,169.6,160.82,163.81,5898439.0,971183232.0,25200582327.77
2024-12-17,688072,163.81,166.58,162.21,163.58,2769320.0,456590417.0,25165199054.86
2024-12-18,688072,164.61,170.09,163.84,166.15,3913790.0,655962251.0,25560568669.55
2024-12-19,688072,163.61,166.1,161.12,164.01,4002286.0,657651876.0,25231350391.17
2024-12-20,688072,164.49,173.8,163.04,168.16,5330322.0,898267465.0,25869787706.72
2024-12-23,688072,167.59,174.18,164.21,169.61,4900474.0,834520434.0,26092856166.370003
2024-12-24,688072,168.93,171.59,164.91,169.69,4048386.0,682039537.0,26105163391.73
2024-12-25,688072,169.79,170.58,163.38,163.38,3590255.0,599924097.0,25134430991.46
2024-12-26,688072,163.15,165.5,161.31,162.83,3500827.0,573370714.0,25049818817.11
2024-12-27,688072,163.42,168.8,161.01,162.67,4211932.0,698079176.0,25025204366.39
2024-12-30,688072,162.59,164.45,158.82,160.0,4069175.0,656421312.0,24614450720.0
2024-12-31,688072,160.41,161.51,153.29,153.3,4286997.0,671700697.0,23583720596.100002
2025-01-02,688072,154.22,154.3,144.62,146.35,4223354.0,628655189.0,22514530392.95
2025-01-03,688072,147.85,152.63,146.47,147.65,4129163.0,621262879.0,22714522805.05
2025-01-06,688072,148.25,151.01,144.92,145.41,2649726.0,390455475.0,22369920494.97
2025-01-07,688072,147.15,149.81,145.73,147.83,2816846.0,416328940.0,22742214062.11
2025-01-08,688072,146.52,148.55,140.82,146.65,3733711.0,543465870.0,22560682488.05
2025-01-09,688072,146.45,148.93,144.95,145.76,2497614.0,368297959.0,22423764605.92
2025-01-10,688072,145.86,151.44,142.86,142.86,3840009.0,566512534.0,21977627686.620003
2025-01-13,688072,141.23,144.47,140.77,143.9,3021824.0,432668990.0,22137621616.3
2025-01-14,688072,145.3,151.44,143.66,151.27,4552538.0,680079430.0,23271424752.59
2025-01-15,688072,151.34,152.12,147.4,149.15,3095415.0,464889764.0,22945283280.55
2025-01-16,688072,150.74,154.0,148.76,150.68,3608067.0,548180634.0,23180658965.56
2025-01-17,688072,150.14,158.22,149.53,154.58,4071631.0,629016579.0,23780636201.86
2025-01-20,688072,157.4,157.56,150.75,153.33,4146585.0,638992446.0,23588335805.61
2025-01-21,688072,157.36,157.36,149.3,151.0,4311697.0,655565497.0,23229887867.0
2025-01-22,688072,149.64,150.64,146.92,147.72,3545403.0,526653316.0,22725291627.24
2025-01-23,688072,150.33,151.08,146.11,146.65,3016222.0,449230632.0,22560682488.05
2025-01-24,688072,144.75,149.53,144.66,147.65,2539136.0,376673135.0,22922454756.45
2025-01-27,688072,147.65,149.04,142.02,142.31,2343855.0,341036207.0,22093427269.83
2025-02-05,688072,145.15,145.44,140.66,144.3,3808772.0,545290421.0,22402371969.9
2025-02-06,688072,144.06,159.61,142.66,157.62,7460293.0,1156831353.0,24470283228.66
2025-02-07,688072,157.62,159.09,153.24,156.74,4892069.0,769639938.0,24333664466.82
2025-02-10,688072,156.76,161.22,153.25,159.5,5092835.0,803499680.0,24762150583.5
2025-02-11,688072,159.12,161.52,155.81,159.43,3956474.0,631485375.0,24751283181.99
2025-02-12,688072,159.31,165.25,157.62,161.53,4753282.0,765256650.0,25077305227.29
2025-02-13,688072,160.93,165.17,160.03,162.47,5729771.0,935911358.0,25223238904.71
2025-02-14,688072,160.66,163.83,155.64,156.91,4387069.0,692385540.0,24360056727.63
2025-02-17,688072,155.18,163.81,155.17,163.07,4959341.0,796016213.0,25316388060.51
2025-02-18,688072,164.19,171.16,161.64,163.11,5629274.0,941494759.0,25322598004.230003
2025-02-19,688072,163.7,172.92,163.57,169.6,6607951.0,1120171132.0,26330161372.8
2025-02-20,688072,170.59,171.09,166.48,167.59,3577040.0,603206341.0,26018111700.87
2025-02-21,688072,167.6,172.59,166.1,171.4,6142596.0,1047999970.0,26609608840.2
2025-02-24,688072,171.57,181.07,171.4,176.8,6413435.0,1141562767.0,27447951242.4
2025-02-25,688072,182.8,198.73,181.66,187.01,11093285.0,2101944517.0,29033039376.93
2025-02-26,688072,186.95,188.0,178.07,185.08,6648498.0,1220103538.0,28733409592.440002
2025-02-27,688072,184.23,186.01,177.58,183.43,5470375.0,994953390.0,28477249413.99
2025-02-28,688072,185.55,190.14,177.22,177.58,5843099.0,1076235807.0,27569045144.940002
2025-03-03,688072,179.36,179.36,172.61,174.72,4390652.0,772207117.0,27125034168.96
2025-03-04,688072,171.6,178.16,168.83,174.62,4940832.0,858433053.0,27109509309.66
2025-03-05,688072,174.48,177.18,173.09,175.31,2733930.0,480247688.0,27216630838.83
2025-03-06,688072,185.51,205.51,184.56,192.55,10397822.0,2029375426.0,29893116582.15
2025-03-07,688072,191.9,196.49,190.45,194.53,4911053.0,953247335.0,30200508796.29
2025-03-10,688072,191.26,196.13,189.46,192.13,3554259.0,685240221.0,29827912173.09
2025-03-11,688072,189.05,196.21,188.61,191.14,3297177.0,634485742.0,29674216066.019997
2025-03-12,688072,189.55,189.56,178.57,180.24,6698918.0,1221209762.0,27982006402.32
2025-03-13,688072,180.41,181.28,175.46,177.58,2731500.0,488321664.0,27569045144.940002
2025-03-14,688072,177.58,181.05,175.47,178.58,3826777.0,685826578.0,27724293737.940002
2025-03-17,688072,176.58,181.56,176.58,179.08,2217281.0,398508912.0,27801918034.440002
2025-03-18,688072,180.52,182.54,177.58,178.9,2012563.0,362606440.0,27773973287.7
2025-03-19,688072,177.89,178.89,171.09,171.81,4375194.0,763771501.0,26673260763.33
2025-03-20,688072,170.59,171.5,167.65,168.2,2644836.0,449023349.0,26112813342.6
2025-03-21,688072,168.3,171.09,164.92,167.06,3105868.0,522237539.0,25935829946.58
2025-03-24,688072,166.6,175.06,166.02,172.91,3503365.0,603493411.0,26844034215.63
2025-03-25,688072,173.09,175.05,170.44,173.24,1719072.0,297768746.0,26895266251.32
2025-03-26,688072,172.8,174.08,169.29,171.8,1629389.0,280515635.0,26671708277.4
2025-03-27,688072,170.4,174.46,166.93,170.79,2377152.0,407265726.0,26514907198.469997
2025-03-28,688072,170.49,172.28,155.43,156.92,8815631.0,1411359236.0,24361609213.559998
2025-03-31,688072,155.63,160.37,154.63,157.13,4065654.0,640479383.0,24394211418.09
2025-04-01,688072,157.65,166.6,157.13,161.92,4436703.0,721807868.0,25137852178.559998
2025-04-02,688072,161.4,162.21,158.52,161.88,1697925.0,273607475.0,25131642234.84
2025-04-03,688072,161.61,168.98,160.39,163.19,3013466.0,498390607.0,25335017891.67
2025-04-07,688072,159.52,165.41,147.65,153.63,5359358.0,849938020.0,23850841342.59
2025-04-08,688072,156.18,161.12,152.14,156.36,4059911.0,635481986.0,24274670001.480003
2025-04-09,688072,152.14,167.56,152.14,164.13,6512400.0,1049416192.0,25480951569.09
2025-04-10,688072,163.61,164.72,158.51,162.54,5040539.0,815873786.0,25234106306.219997
2025-04-11,688072,160.62,168.1,159.49,164.12,5495066.0,901301281.0,25479399083.16
2025-04-14,688072,164.13,164.6,156.22,158.32,4575136.0,733273010.0,24578957243.76
2025-04-15,688072,156.63,158.82,154.71,158.33,2241971.0,351453987.0,24580509729.690002
2025-04-16,688072,158.32,161.49,155.18,159.62,2171454.0,342326864.0,24780780414.66
2025-04-17,688072,157.2,160.12,156.13,158.15,1946653.0,308946147.0,24552564982.95
2025-04-18,688072,157.15,157.6,152.44,152.44,2480808.0,383831938.0,23666095516.92
2025-04-21,688072,151.13,159.5,149.99,156.9,3739045.0,579053724.0,43889498614.200005
2025-04-22,688072,156.19,158.62,154.26,156.63,2274780.0,357317719.0,43813971752.34
2025-04-23,688072,157.13,158.0,154.64,155.11,2240321.0,350374389.0,43388783492.98
2025-04-24,688072,154.51,156.11,152.12,153.18,1790274.0,275957960.0,42848906295.240005
2025-04-25,688072,154.21,161.12,152.52,160.42,3552610.0,562480436.0,44874145109.56
2025-04-28,688072,163.11,165.16,160.62,161.15,2156402.0,350940243.0,45078347365.700005
2025-04-29,688072,161.23,163.91,158.87,163.41,2107390.0,341439682.0,45710535172.38
2025-04-30,688072,159.82,160.15,152.14,156.01,5265337.0,823910463.0,43640539699.18
2025-05-06,688072,155.53,162.09,155.53,161.59,3734783.0,597717407.0,45201428177.62
2025-05-07,688072,166.26,166.26,158.63,160.62,3152663.0,509322410.0,44930090933.16
2025-05-08,688072,160.61,162.41,158.63,161.71,1650651.0,266069272.0,45234995671.78
2025-05-09,688072,160.12,162.0,155.14,155.65,2150873.0,339002540.0,43539837216.700005
2025-05-12,688072,155.65,158.22,153.32,153.86,2435140.0,379012746.0,43039122095.48
2025-05-13,688072,155.63,156.53,153.43,154.01,1310030.0,202685077.0,43081081463.18
2025-05-14,688072,154.83,155.61,153.13,155.23,1527518.0,236479016.0,43422350987.14
2025-05-15,688072,154.84,155.21,152.23,152.32,1318506.0,202358499.0,42608339253.759995
2025-05-16,688072,151.63,153.23,150.63,153.06,979235.0,149434700.0,42815338801.08
2025-05-19,688072,152.32,155.33,151.69,152.54,1775287.0,272655555.0,42669879659.72
2025-05-20,688072,152.9,153.6,151.34,152.53,1523234.0,232656184.0,42667082368.54
2025-05-21,688072,152.48,153.53,149.64,150.19,1716054.0,259484634.0,42012516232.42
2025-05-22,688072,150.19,150.93,147.66,148.19,1696776.0,252900524.0,41453057996.42
2025-05-23,688072,148.19,149.14,145.88,146.64,2212065.0,326560676.0,41019477863.52
2025-05-26,688072,149.35,151.12,146.95,149.14,2136554.0,318775397.0,41718800658.52
2025-05-27,688072,148.23,149.21,144.95,144.95,1848456.0,270691575.0,40546735654.1
2025-05-28,688072,145.66,146.44,144.37,144.94,1074969.0,156642309.0,40543938362.92
2025-05-29,688072,145.05,151.63,144.8,151.24,2185354.0,324819560.0,42306231806.32
2025-05-30,688072,150.43,150.94,147.06,147.06,1670078.0,249002271.0,41136964093.08
2025-06-03,688072,147.06,149.1,143.05,145.72,2491129.0,365694971.0,40762127074.96
2025-06-04,688072,145.77,146.74,141.76,141.76,2929363.0,421289280.0,39654399767.68
2025-06-05,688072,142.66,149.09,141.76,148.84,3385594.0,495962534.0,41634881923.12
2025-06-06,688072,147.95,150.34,146.69,149.51,1739199.0,258698746.0,41822300432.18
2025-06-09,688072,148.53,150.86,147.27,150.52,1699871.0,254735397.0,42104826841.36
2025-06-10,688072,150.84,150.84,142.83,144.06,3263926.0,475184271.0,40297776739.08
2025-06-11,688072,144.17,145.77,142.44,142.8,2043562.0,294579678.0,39945318050.4
2025-06-12,688072,142.45,142.45,139.06,139.37,2233174.0,314329444.0,38985847175.66
2025-06-13,688072,139.07,142.53,138.3,141.73,2810375.0,396866674.0,39646007894.14
2025-06-16,688072,140.27,142.36,140.0,141.85,2107898.0,298555199.0,39679575388.299995
2025-06-17,688072,142.33,142.33,139.59,140.1,1191283.0,167885456.0,39190049431.799995
2025-06-18,688072,139.57,146.53,139.57,145.15,2706418.0,390113938.0,40602681477.700005
2025-06-19,688072,144.92,149.14,144.28,146.52,2521346.0,371841512.0,40985910369.36
2025-06-20,688072,146.72,149.42,146.13,146.42,1491880.0,219768386.0,40957937457.56
2025-06-23,688072,146.92,154.92,146.29,151.62,3538612.0,537892040.0,42412528871.16
2025-06-24,688072,151.4,152.2,149.52,150.92,2008288.0,303317859.0,42216718488.56
2025-06-25,688072,151.82,151.9,148.0,150.92,2849886.0,426858244.0,42216718488.56
2025-06-26,688072,151.05,154.05,150.47,150.95,2861277.0,435976275.0,42225110362.1
2025-06-27,688072,152.5,154.22,150.8,151.45,2256638.0,344747032.0,42364974921.1
2025-06-30,688072,152.51,154.89,152.02,153.63,2169304.0,333150977.0,42974784398.34
2025-07-01,688072,153.63,155.25,151.46,153.26,2356523.0,361934922.0,42871284624.68
2025-07-02,688072,152.63,152.99,148.94,149.9,1925402.0,290558555.0,41931394788.200005
2025-07-03,688072,149.9,150.84,148.12,149.47,1274575.0,190022657.0,41811111267.46
2025-07-04,688072,149.47,161.91,147.77,158.12,5181376.0,812042688.0,44230768138.16
2025-07-07,688072,156.92,165.21,156.92,162.6,4586735.0,749566584.0,45483954586.799995
2025-07-08,688072,163.74,166.07,161.41,162.02,2650345.0,431926918.0,45321711698.36
2025-07-09,688072,161.29,165.79,161.29,162.79,2665931.0,436400381.0,45537103119.22
2025-07-10,688072,162.55,163.79,161.41,161.97,1760111.0,285927582.0,45307725242.46
2025-07-11,688072,162.1,164.41,160.72,163.89,2892137.0,471803701.0,45844805149.02
2025-07-14,688072,164.4,164.4,159.41,159.79,1913644.0,308593182.0,44697915765.22
2025-07-15,688072,158.42,160.91,155.59,158.0,2283697.0,361052723.0,44197200644.0
2025-07-16,688072,158.0,161.89,157.73,158.13,1786690.0,285222202.0,44233565429.34
2025-07-17,688072,157.82,157.82,154.46,156.47,2622877.0,408839281.0,43769215093.46
2025-07-18,688072,170.42,173.91,160.27,164.07,6109466.0,1007608739.0,45895156390.259995
2025-07-21,688072,163.61,165.41,162.39,163.12,2812849.0,460496176.0,45629413728.16
2025-07-22,688072,164.61,170.38,162.48,164.59,4878714.0,812729632.0,46040615531.62
2025-07-23,688072,163.42,176.21,163.24,175.28,6639864.0,1140253956.0,49030919803.04
2025-07-24,688072,174.12,178.4,173.32,176.72,3754036.0,662471711.0,49433729732.96
2025-07-25,688072,177.41,177.81,173.46,176.06,4448627.0,778771034.0,49249108515.08
2025-07-28,688072,175.71,176.71,173.71,175.14,2848726.0,499580452.0,48991757726.52
2025-07-29,688072,174.09,179.88,172.79,176.91,3919597.0,694128096.0,49486878265.38
2025-07-30,688072,175.81,178.42,173.02,174.59,2538818.0,446383551.0,48837906711.62
2025-07-31,688072,173.91,175.32,169.23,170.47,3530909.0,609057402.0,47685422745.46
2025-08-01,688072,169.99,171.8,167.61,169.94,2416446.0,410235007.0,47537166312.92
2025-08-04,688072,169.91,172.6,168.07,170.4,2310547.0,393501538.0,47665841707.200005
2025-08-05,688072,168.61,169.09,163.74,167.96,3398873.0,568970919.0,46983302659.28
2025-08-06,688072,167.79,168.72,164.94,166.3,3771704.0,628286378.0,46518952323.4
2025-08-07,688072,165.91,169.49,165.6,165.95,3743257.0,627121071.0,46421047132.1
2025-08-08,688072,165.95,167.37,164.09,164.56,2816755.0,466586168.0,46032223658.08
2025-08-11,688072,163.91,167.39,162.91,165.14,2617705.0,432446399.0,46194466546.52
2025-08-12,688072,164.91,165.11,161.08,162.78,4248270.0,692062621.0,45534305828.04
2025-08-13,688072,162.86,165.5,162.26,163.22,3137225.0,513564307.0,45657386639.96
2025-08-14,688072,163.67,168.71,162.93,163.86,5756528.0,954513239.0,45836413275.48
2025-08-15,688072,163.71,167.86,161.22,166.09,4161161.0,687917390.0,46460209208.62
2025-08-18,688072,166.92,172.91,165.91,169.46,5074025.0,861086270.0,47402896336.28
2025-08-19,688072,169.61,169.61,165.97,166.1,3990099.0,668869714.0,46463006499.799995
2025-08-20,688072,165.71,174.39,163.09,173.81,5923573.0,1001942681.0,48619717999.58
2025-08-21,688072,174.91,177.46,171.95,173.13,5466169.0,952294863.0,48429502199.34
2025-08-22,688072,173.49,184.9,173.19,182.07,7259083.0,1303206491.0,50930280514.259995
2025-08-25,688072,187.9,191.29,178.76,182.76,8072530.0,1493465333.0,51123293605.68
2025-08-26,688072,182.5,198.84,180.9,191.6,9519856.0,1824650491.0,53596099008.799995
2025-08-27,688072,191.9,200.39,187.91,187.95,8349332.0,1627054572.0,52575087728.1
2025-08-28,688072,188.9,196.1,186.9,196.1,7700719.0,1476822577.0,54854880039.799995
2025-08-29,688072,193.9,195.0,187.68,189.9,7261507.0,1384033483.0,53120559508.200005
2025-09-01,688072,193.89,199.57,191.15,196.37,6474983.0,1265444069.0,54930406901.66
2025-09-02,688072,194.9,197.79,184.4,186.65,6534403.0,1238104751.0,52211439874.700005
2025-09-03,688072,185.72,190.72,184.42,186.4,4504607.0,842250553.0,52141507595.200005
2025-09-04,688072,183.35,186.38,167.41,170.73,7590681.0,1334556713.0,47758152316.14
2025-09-05,688072,170.86,174.21,169.03,172.71,4985044.0,855971532.0,48312015969.78
2025-09-08,688072,171.9,177.67,167.92,176.57,5847384.0,1012069476.0,49391770365.259995
2025-09-09,688072,173.6,174.51,168.41,169.37,4485771.0,768966231.0,47377720715.66
2025-09-10,688072,168.11,172.68,166.91,170.21,3844907.0,656226773.0,47612693174.78
2025-09-11,688072,169.51,177.35,168.92,176.88,5803431.0,1014066990.0,49478486391.84
2025-09-12,688072,176.96,182.9,175.91,176.38,5616794.0,1008777527.0,49338621832.84
2025-09-15,688072,190.89,199.87,180.9,189.69,13701775.0,2593300750.0,53061816393.42
2025-09-16,688072,184.9,192.19,184.5,189.05,8536458.0,1609196960.0,52882789757.9
2025-09-17,688072,192.28,202.55,187.01,200.69,10715399.0,2099953443.0,56138836691.42
2025-09-18,688072,197.91,226.78,197.91,213.87,15648086.0,3308957846.0,59825666466.66
2025-09-19,688072,214.89,219.77,208.49,210.05,9286737.0,1984942416.0,58757101235.9
2025-09-22,688072,209.85,222.7,205.12,219.18,9305118.0,1991202074.0,61311028083.240005
2025-09-23,688072,219.38,230.88,218.76,229.78,10945875.0,2459137225.0,64276156734.04
2025-09-24,688072,227.88,265.86,226.71,252.06,13711645.0,3375840668.0,70508521483.08
2025-09-25,688072,247.65,252.36,241.07,248.87,10090430.0,2492625395.0,69616185596.66
2025-09-26,688072,247.87,260.52,246.87,250.06,8623689.0,2191147829.0,69949063247.08
2025-09-29,688072,252.86,265.04,250.88,263.86,8323941.0,2145809347.0,73809325075.48001
2025-09-30,688072,264.47,277.85,255.33,260.04,9593618.0,2553418608.0,72740759844.72
2025-10-09,688072,260.86,293.72,260.63,277.53,10989208.0,3040161327.0,78031425492.9
2025-10-10,688072,266.86,274.85,262.86,264.86,9506324.0,2549511779.0,74469078499.8
2025-10-13,688072,259.86,271.35,255.06,268.08,9558447.0,2513503190.0,75374426354.4
2025-10-14,688072,273.65,273.73,245.87,247.52,10971960.0,2818512802.0,69593695953.6
2025-10-15,688072,249.12,256.64,246.37,252.46,7384833.0,1860093474.0,70982645767.8
2025-10-16,688072,251.37,257.56,249.27,249.97,4870104.0,1232772028.0,70282547582.1
2025-10-17,688072,249.82,251.21,241.47,241.47,5829705.0,1428588010.0,67892654177.1
2025-10-20,688072,248.12,252.94,240.48,245.9,5169559.0,1281207476.0,69138210387.0
2025-10-21,688072,246.97,250.75,244.92,247.69,5002973.0,1240526340.0,69641493821.7
2025-10-22,688072,245.75,251.75,243.22,248.88,4829125.0,1196862886.0,69976078898.4
2025-10-23,688072,249.74,263.8,249.37,258.56,9703289.0,2499010110.0,72697745740.8
2025-10-24,688072,260.07,293.04,260.07,285.85,13484354.0,3722081001.0,80370709390.5
2025-10-27,688072,304.84,318.01,293.44,315.33,13389884.0,4092126955.0,88659422046.9
2025-10-28,688072,304.84,328.32,301.94,323.33,9746811.0,3113272340.0,90908733486.9
2025-10-29,688072,319.83,327.47,313.83,326.74,7624952.0,2447170825.0,91867502488.2
2025-10-30,688072,326.74,341.62,319.76,326.58,8295763.0,2734439464.0,91822516259.4
2025-10-31,688072,319.83,321.83,287.62,304.84,13277704.0,4071585124.0,85710012421.2
2025-11-03,688072,299.21,299.74,280.5,295.2,10434602.0,3050374652.0,82999592136.0
2025-11-04,688072,296.84,314.8,295.2,304.63,9403316.0,2878064075.0,85650967995.9
2025-11-05,688072,291.84,314.33,290.84,310.03,7286472.0,2218977357.0,87169253217.9
2025-11-06,688072,311.95,332.48,307.27,327.82,10334616.0,3330723143.0,92171159532.59999
2025-11-07,688072,324.68,346.61,319.83,333.12,9844838.0,3313107445.0,93661328361.6
2025-11-10,688072,342.82,350.39,326.63,337.86,9401013.0,3203790184.0,94994045389.8
2025-11-11,688072,347.81,354.46,330.94,333.92,8575091.0,2915948107.0,93886259505.6
2025-11-12,688072,329.3,348.29,322.83,340.85,6974309.0,2357603693.0,95834725540.5
2025-11-13,688072,336.82,345.81,326.11,336.22,6153653.0,2062981487.0,94532936544.6
2025-11-14,688072,329.82,346.92,325.27,329.82,5836612.0,1956695980.0,92733487392.59999
2025-11-17,688072,334.82,336.82,306.82,310.96,9533468.0,3020059518.0,87430735672.79999
2025-11-18,688072,310.96,335.72,310.94,327.02,8304420.0,2685254956.0,91946228388.59999
2025-11-19,688072,326.35,326.83,312.99,318.83,4981394.0,1593368805.0,89643495801.9
2025-11-20,688072,321.83,322.86,306.95,307.69,4725189.0,1467110120.0,86511329621.7
2025-11-21,688072,291.29,301.7,288.13,289.84,6924021.0,2038708276.0,81492553471.2
2025-11-24,688072,290.87,293.72,280.86,287.54,5863903.0,1679530845.0,80845876432.20001
2025-11-25,688072,291.27,299.74,289.07,290.44,5041817.0,1475720233.0,81661251829.2
2025-11-26,688072,288.1,301.74,285.52,295.03,4949431.0,1470057674.0,82951794267.9
2025-11-27,688072,297.51,301.58,289.15,289.84,4330609.0,1281020620.0,81492553471.2
2025-11-28,688072,289.23,312.11,288.27,303.14,6168731.0,1866782792.0,85232033740.2
2025-12-01,688072,295.87,303.04,286.85,291.6,8198483.0,2388945602.0,81987401988.0
2025-12-02,688072,290.09,298.77,288.45,291.89,4310448.0,1263124473.0,82068939527.7
2025-12-03,688072,293.16,299.35,286.65,287.85,5045883.0,1476151960.0,80933037250.5
2025-12-04,688072,285.41,310.21,284.92,305.13,7145087.0,2140412577.0,85791549960.9
2025-12-05,688072,301.57,306.12,299.52,303.86,4208356.0,1275487259.0,85434471769.8
2025-12-08,688072,305.84,311.03,293.72,309.03,6336358.0,1927353143.0,86888089287.9
2025-12-09,688072,305.74,315.41,303.52,309.87,5307210.0,1641967600.0,87124266989.1
2025-12-10,688072,305.84,316.84,301.55,314.34,4607711.0,1431703182.0,88381069756.2
2025-12-11,688072,313.83,325.53,312.5,315.83,5385234.0,1716361005.0,88800004011.9
2025-12-12,688072,313.83,352.9,311.83,343.07,11202468.0,3766878218.0,96458909465.09999
2025-12-15,688072,342.67,348.89,329.83,341.52,7155287.0,2427345666.0,96023105373.59999
2025-12-16,688072,338.52,344.82,324.83,336.82,5050367.0,1696924098.0,94701634902.59999
2025-12-17,688072,336.03,338.82,328.12,336.82,4898626.0,1636417293.0,94701634902.59999
2025-12-18,688072,336.5,340.81,328.93,329.77,4193901.0,1401958971.0,92719429196.09999
2025-12-19,688072,333.72,334.72,322.13,327.48,3305829.0,1083969439.0,92075563796.40001
2025-12-22,688072,329.46,364.8,327.48,361.46,6928707.0,2420884748.0,101629514137.79999
2025-12-23,688072,360.76,369.45,355.76,359.49,5061679.0,1835034860.0,101075621195.7
2025-12-24,688072,362.81,363.79,346.47,352.84,5536380.0,1950723282.0,99205881061.2
2025-12-25,688072,347.43,360.31,343.24,350.91,5191508.0,1823116237.0,98663234676.3
2025-12-26,688072,349.81,359.0,344.99,347.38,3687602.0,1291233792.0,97670726003.4
2025-12-29,688072,342.82,347.16,330.82,336.79,6307465.0,2126965694.0,94693199984.70001
2025-12-30,688072,336.8,345.32,330.33,333.81,4725669.0,1593526487.0,93855331473.3
2025-12-31,688072,343.32,347.58,329.82,329.82,5447439.0,1836432378.0,92733487392.59999
2026-01-05,688072,333.39,355.01,333.39,354.12,7309237.0,2546148028.0,99565770891.6
2026-01-06,688072,351.81,378.79,349.82,357.79,7555482.0,2751370170.0,100597642514.70001
2026-01-07,688072,372.8,393.79,362.81,380.79,8154464.0,3073138250.0,107064412904.70001
2026-01-08,688072,370.3,374.8,357.99,360.5,7819688.0,2860394924.0,101359596765.0
2026-01-09,688072,356.05,364.68,352.81,359.39,5362764.0,1921486347.0,101047504802.7
2026-01-12,688072,362.82,371.58,353.09,356.61,6773073.0,2440817873.0,100265869077.3
2026-01-13,688072,353.61,363.4,341.7,342.14,6395014.0,2241479102.0,96197427010.2
2026-01-14,688072,343.63,372.14,342.82,363.62,8893928.0,3203046186.0,102236828226.6
2026-01-15,688072,357.8,371.83,347.31,371.83,9825279.0,3527299509.0,104984304910.65999
2026-01-16,688072,377.8,391.67,371.0,385.47,10742012.0,4091310236.0,108835489373.94
2026-01-19,688072,386.79,386.79,372.8,374.8,6674189.0,2525824142.0,105822869269.6
2026-01-20,688072,371.8,379.56,363.48,369.8,5188637.0,1914693252.0,104411144759.6
2026-01-21,688072,365.81,387.78,363.8,368.63,7805806.0,2914825244.0,104080801224.26
2026-01-22,688072,374.27,376.6,360.99,363.81,5611478.0,2055285354.0,102719898796.62
2026-01-23,688072,363.81,375.83,359.03,375.83,6624103.0,2443644776.0,106113684518.65999
2026-01-26,688072,368.35,372.74,351.79,359.4,6255274.0,2251285154.0,101474757778.79999
2026-01-27,688072,359.31,377.8,353.91,363.91,6726338.0,2467570131.0,102748133286.82
2026-01-28,688072,367.57,383.47,364.82,377.8,6405635.0,2394203850.0,106669903975.6
2026-01-29,688072,372.81,377.78,359.49,361.49,5177796.0,1902199800.0,102064858623.98
2026-01-30,688072,358.74,370.31,348.02,352.55,5826708.0,2088846447.0,99540695200.1
2026-02-02,688072,336.82,351.33,330.8,330.8,5114578.0,1738870831.0,93399693581.6
2026-02-03,688072,337.48,338.32,326.06,336.42,4513584.0,1501329150.0,94986471930.84001
2026-02-04,688072,331.32,344.7,328.92,339.62,4056595.0,1375460471.0,95889975617.24
2026-02-05,688072,327.82,332.85,316.11,329.49,6861387.0,2223412114.0,93029821759.98
2026-02-06,688072,328.26,337.82,323.16,330.15,4033946.0,1339917854.0,93216169395.29999
2026-02-09,688072,335.82,337.81,324.33,327.21,4975975.0,1637256392.0,92386075383.42
2026-02-10,688072,327.82,333.48,324.43,327.32,3189662.0,1049175286.0,92417133322.64
2026-02-11,688072,327.4,330.43,321.11,321.97,3718764.0,1205807671.0,90906588096.94
2026-02-12,688072,324.83,327.4,315.16,316.72,5319904.0,1694070755.0,89424277361.44
2026-02-13,688072,315.63,334.12,314.83,324.83,4887062.0,1605139078.0,91714094516.65999
2026-02-24,688072,327.82,328.76,315.34,327.16,3565009.0,1152562525.0,92371958138.32
2026-02-25,688072,329.82,367.63,329.82,359.81,12825002.0,4496189980.0,101590519188.62
2026-02-26,688072,360.38,379.8,351.4,376.55,9530209.0,3508260553.0,106316972848.1
2026-02-27,688072,370.77,372.39,363.57,369.2,5465236.0,2012157104.0,104241737818.4
2026-03-02,688072,357.82,389.79,357.69,384.54,8272131.0,3150319611.0,108572908615.08
2026-03-03,688072,391.69,407.48,374.8,379.8,8575388.0,3348897197.0,107234593779.6
2026-03-04,688072,379.28,386.79,365.56,379.8,5509840.0,2079723913.0,107234593779.6
2026-03-05,688072,387.79,406.36,380.8,384.48,6838944.0,2696013883.0,108555967920.96
2026-03-06,688072,378.22,390.79,373.72,377.0,4084666.0,1550911804.0,106444028054.0
2026-03-09,688072,348.21,364.19,347.18,360.42,6456275.0,2291384265.0,101762749578.84001
2026-03-10,688072,371.45,372.64,357.87,367.13,4959511.0,1814728397.0,103657283871.26
2026-03-11,688072,365.4,369.8,353.81,359.31,3853948.0,1384922303.0,101449346737.62
2026-03-12,688072,359.07,359.65,336.82,341.33,4714349.0,1631607336.0,96372785399.65999
2026-03-13,688072,337.71,346.81,330.54,338.84,4357053.0,1470319567.0,95669746593.68
2026-03-16,688072,337.83,347.91,324.93,347.18,5742644.0,1936850823.0,98024503076.36
2026-03-17,688072,345.19,348.82,333.3,333.88,3326734.0,1138562440.0,94269315879.76
2026-03-18,688072,337.79,346.96,334.86,345.02,3394752.0,1164058921.0,97414638088.04
2026-03-19,688072,338.65,343.43,330.83,333.34,3231812.0,1083469464.0,94116849632.68
2026-03-20,688072,336.81,362.36,333.82,347.68,6355441.0,2221049572.0,98165675527.36
2026-03-23,688072,346.29,358.8,329.81,349.81,8044547.0,2810372715.0,98767070168.62
2026-03-24,688072,355.81,362.19,345.51,357.71,5544647.0,1963938524.0,100997594894.42
2026-03-25,688072,367.79,385.28,358.94,368.03,6307880.0,2347919585.0,103911394283.06
2026-03-26,688072,360.81,373.67,356.33,367.23,4428999.0,1619873627.0,103685518361.46
2026-03-27,688072,357.81,381.47,354.45,376.8,5899975.0,2198401753.0,106387559073.6
2026-03-30,688072,368.8,395.67,367.8,386.91,5936767.0,2270438533.0,109242066032.82
2026-03-31,688072,384.16,388.65,365.33,369.8,6029946.0,2274122108.0,104411144759.6
2026-04-01,688072,377.8,384.79,358.18,368.28,6831766.0,2530989192.0,103981980508.56
2026-04-02,688072,367.51,367.8,348.81,356.81,4594103.0,1634699240.0,100743484482.62
2026-04-03,688072,361.47,365.79,354.19,357.33,2800847.0,1008190955.0,100890303831.65999
2026-04-07,688072,361.58,361.69,345.82,349.25,3158500.0,1108543645.0,98608957023.5
2026-04-08,688072,362.37,379.29,357.91,379.25,6825329.0,2512353882.0,107079304083.5
2026-04-09,688072,369.81,398.23,368.95,391.64,6041811.0,2349531707.0,110577557419.28
2026-04-10,688072,399.79,406.78,392.12,397.85,4890179.0,1953873988.0,112330919260.70001
2026-04-13,688072,394.48,399.79,386.78,395.29,5024562.0,1978773067.0,111745720713.48001
2026-04-14,688072,403.28,419.78,399.79,408.38,6092075.0,2506441556.0,115446172240.56
2026-04-15,688072,412.78,418.36,399.77,401.79,4749750.0,1938732352.0,113583225291.48001
2026-04-16,688072,402.78,408.44,395.03,402.67,3854057.0,1550462393.0,113831995142.04001
2026-04-17,688072,395.43,399.79,385.29,390.13,6155303.0,2406399508.0,110287024771.56
2026-04-20,688072,387.79,404.47,380.31,398.23,4829376.0,1906935176.0,112576838168.76001
2026-04-21,688072,396.79,396.79,383.91,388.25,3238446.0,1258794618.0,109755561909.0
2026-04-22,688072,388.28,398.67,382.63,394.75,5637498.0,2200594952.0,111593066487.0
2026-04-23,688072,394.79,398.39,377.82,379.84,4889334.0,1880575152.0,107378113678.07999
2026-04-24,688072,384.79,393.39,375.4,384.37,4596327.0,1771295125.0,108658713022.44
2026-04-27,688072,392.06,417.28,372.01,412.51,7984756.0,3198696545.0,116613694380.12
2026-04-28,688072,404.78,438.32,398.76,423.27,9094724.0,3856202782.0,119655471189.23999
2026-04-29,688072,423.07,424.47,402.1,423.44,5697671.0,2363246519.0,119703529001.28
2026-04-30,688072,426.13,456.26,424.77,444.76,6724544.0,2988207583.0,125730544017.12
2026-05-06,688072,466.99,489.71,459.79,463.91,8149908.0,3857774048.0,131144115196.92001
2026-05-07,688072,466.88,483.13,456.97,479.3,5013910.0,2383079782.0,135494760651.6
2026-05-08,688072,470.92,479.3,456.48,462.8,4737735.0,2205305313.0,130830325953.6
2026-05-11,688072,474.75,516.68,468.61,503.91,8423933.0,4171236241.0,142451835676.92
2026-05-12,688072,499.73,514.7,489.74,506.75,5675356.0,2860604779.0,143254683831.0
2026-05-13,688072,498.73,522.72,486.75,514.74,6062587.0,3073241221.0,145513400996.88
2026-05-14,688072,519.72,524.72,490.91,492.74,5232553.0,2627865117.0,139294154732.88
2026-05-15,688072,492.74,564.7,471.81,529.66,10570386.0,5519985883.0,149731180735.91998
2026-05-18,688072,539.71,555.7,519.73,524.93,8921749.0,4793111295.0,148394042789.15997
2026-05-19,688072,524.93,562.48,507.73,554.63,8349599.0,4530289659.0,156790025245.56
2026-05-20,688072,569.7,635.93,565.73,634.54,12329749.0,7357057499.0,179380023834.47998
2026-05-21,688072,647.66,697.63,600.68,605.88,15115125.0,9686115850.0,171278042110.56
2026-05-22,688072,605.68,635.66,577.69,616.65,12340951.0,7380004545.0,174322645849.8
2026-05-25,688072,601.68,739.65,583.54,720.61,14630937.0,9722979421.0,203711411377.32
2026-05-26,688072,720.73,778.58,695.63,749.6,12414101.0,8997999354.0,211906681795.2
2026-05-27,688072,742.1,743.6,664.61,666.64,13148609.0,9222581981.0,188454469519.68
2026-05-28,688072,664.61,699.63,640.78,672.25,11712568.0,7881081088.0,190040377317.0
2026-05-29,688072,669.09,669.09,617.7,627.65,11529631.0,7351910522.0,177432268981.8
2026-06-01,688072,610.67,621.67,580.31,583.04,9769401.0,5824375401.0,164821333716.47998
2026-06-02,688072,584.69,605.67,574.69,595.68,10361218.0,6150461510.0,168394573388.15997
2026-06-03,688072,589.68,641.46,588.81,615.16,11921055.0,7346117137.0,173901433261.91998
2026-06-04,688072,601.0,636.0,596.01,623.02,9121466.0,5653182653.0,176123400336.24
2026-06-05,688072,601.98,616.44,579.0,582.3,8828060.0,5258470959.0,164612140887.59998
2026-06-08,688072,550.0,583.0,548.0,568.47,8250337.0,4673938314.0,160702496531.64
2026-06-09,688072,582.05,603.88,572.0,597.0,7267624.0,4276025898.0,168767728164.0
2026-06-10,688072,586.0,634.94,586.0,618.0,10267878.0,6327814120.0,174704281416.0
2026-06-11,688072,602.01,656.85,602.01,655.27,10994183.0,7067988389.0,185240249973.24
2026-06-12,688072,699.0,716.74,641.0,645.18,15491884.0,10452863386.0,182387877482.15997
2026-06-15,688072,650.01,674.3,615.1,669.69,9056520.0,5953978531.0,189316683206.28003
2026-06-16,688072,678.0,679.99,640.0,655.8,8859509.0,5779692484.0,185390077269.59998
2026-06-17,688072,640.02,740.88,638.38,740.0,11807981.0,8178007543.0,209192828880.0
2026-06-18,688072,730.0,754.1,721.65,734.0,8933910.0,6592032946.0,207496670808.0
2026-06-22,688072,740.0,766.0,708.9,748.01,8297497.0,6135858660.0,211457199906.12
2026-06-23,688072,739.95,778.68,702.44,770.0,9303883.0,6982662773.0,217673619240.0
2026-06-24,688072,736.0,838.0,736.0,820.0,8836310.0,6973988611.0,231808269840.0
2026-06-25,688072,829.2,861.08,799.99,823.0,7716690.0,6404284983.0,232656348876.0
2026-06-26,688072,806.66,865.0,790.0,832.0,8024535.0,6691102132.0,235200585984.0
2026-07-13,688072,890.99,910.0,680.05,845.0,22466066.0,19426827332.0,238875595140.0
2026-07-14,688072,805.0,945.0,805.0,850.01,17026694.0,15016220407.0,240291887130.12
2026-07-15,688072,860.0,877.7,765.01,774.0,12970908.0,10392522058.0,218804391288.0
2026-07-16,688072,735.02,765.0,710.0,722.0,8254650.0,6063262055.0,204104354664.0
2026-07-17,688072,718.42,752.0,683.34,699.08,10362703.0,7453786440.0,197625030828.96002
2026-07-20,688072,718.79,725.0,621.0,637.05,10640704.0,7085479650.0,180089583294.59998
2026-07-21,688072,657.0,764.46,613.81,764.46,11723892.0,8077980589.0,216107499953.52002
2026-07-22,688072,762.0,819.9,761.36,791.08,11483946.0,9002946719.0,223632787932.96002
2026-07-23,688072,791.08,798.0,732.0,743.0,7904267.0,5948208668.0,210040907916.0
2026-07-24,688072,728.0,809.0,720.0,791.0,9056873.0,6999718623.0,223610172492.0
2026-07-27,688072,770.05,818.88,735.89,791.9,9131658.0,7075331154.0,223864596202.8
2026-07-28,688072,753.51,788.0,703.38,710.0,8654581.0,6448685937.0,200712038520.0
2026-07-29,688072,707.0,729.78,651.58,700.87,9427702.0,6500921438.0,198131051320.44
